Workbook

Sheet Harian 2024
A1: PENGELOLAAN LINEN INSTALASI LAUNDRY
A2: RSJD Dr RM SOEDJARWADI PROVINSI JAWA TENGAH
A3: TAHUN 2026
A5: NO | B5: TANGGAL | C5: JENIS LINEN | D5: ANGGREK | E5: BOUGENVIL | F5: CAMELIA | G5: DEWANDARU | H5: EDELWEIS | I5: FLAMBOYAN | J5: GERANIUM | K5: HELIKONIA | L5: IVY | M5: JASMIN | N5: IGD | O5: HCU | P5: PENUNJANG | Q5: PELAYANAN | R5: ADMIN | S5: ASRAMA | T5: MASJID | U5: JUMLAH
A6: 1 | B6: KAMIS | C6: BAJU | G6: 14 | H6: 29 | I6: 29 | J6: 29 | K6: 33 | L6: 9 | M6: 2 | O6: 9 | P6: 15 | Q6: 18 | U6: =SUM(D6:T6) -> 187
B7: 46023 | C7: CELANA | G7: 14 | H7: 29 | I7: 29 | J7: 29 | K7: 33 | L7: 9 | M7: 2 | O7: 8 | P7: 3 | Q7: 18 | U7: =SUM(D7:T7) -> 174
C8: HANDUK | E8: 3 | G8: 15 | H8: 18 | I8: 16 | J8: 19 | K8: 18 | L8: 5 | M8: 1 | O8: 6 | P8: 6 | Q8: 9 | U8: =SUM(D8:T8) -> 116
C9: SPREI | D9: 6 | E9: 10 | F9: 9 | G9: 16 | H9: 30 | I9: 34 | J9: 27 | K9: 30 | L9: 8 | M9: 7 | N9: 16 | O9: 8 | P9: 5 | Q9: 6 | R9: 7 | U9: =SUM(D9:T9) -> 219
C10: SELIMUT | D10: 6 | E10: 10 | F10: 8 | G10: 28 | H10: 28 | I10: 32 | J10: 34 | K10: 25 | L10: 7 | M10: 7 | N10: 16 | O10: 4 | P10: 4 | Q10: 8 | R10: 8 | U10: =SUM(D10:T10) -> 225
C11: SARUNG BANTAL | D11: 9 | E11: 9 | F11: 6 | G11: 26 | H11: 36 | I11: 33 | J11: 34 | K11: 35 | L11: 6 | M11: 7 | N11: 20 | O11: 7 | P11: 7 | Q11: 7 | R11: 9 | U11: =SUM(D11:T11) -> 251
C12: STIK LAKEN LAKEN | D12: 7 | E12: 9 | F12: 5 | M12: 4 | U12: =SUM(D12:T12) -> 25
C13: PERLAK | D13: 7 | E13: 8 | M13: 6 | N13: 6 | U13: =SUM(D13:T13) -> 27
C14: DLL | E14: 3 | F14: 7 | G14: 12 | H14: 19 | I14: 12 | J14: 13 | K14: 8 | L14: 2 | N14: 15 | O14: 4 | Q14: 14 | U14: =SUM(D14:T14) -> 109
C15: SUB JUMLAH | D15: =SUM(D6:D14) -> 35 | E15: =SUM(E6:E14) -> 52 | F15: =SUM(F6:F14) -> 35 | G15: =SUM(G6:G14) -> 125 | H15: =SUM(H6:H14) -> 189 | I15: =SUM(I6:I14) -> 185 | J15: =SUM(J6:J14) -> 185 | K15: =SUM(K6:K14) -> 182 | ... U15: =SUM(U6:U14) -> 1333
A18: NO | B18: TANGGAL | C18: JENIS LINEN | D18: =D5 -> ANGGREK | E18: =E5 -> BOUGENVIL | F18: =F5 -> CAMELIA | G18: =G5 -> DEWANDARU | H18: =H5 -> EDELWEIS | I18: =I5 -> FLAMBOYAN | J18: =J5 -> GERANIUM | K18: =K5 -> HELIKONIA | ... U18: =U5 -> JUMLAH
A19: =A6+1 -> 2 | B19: JUMAT | C19: BAJU | G19: 28 | H19: 27 | I19: 29 | J19: 29 | K19: 31 | L19: 10 | O19: 3 | P19: 7 | Q19: 2 | U19: =SUM(D19:T19) -> 166
B20: =B7+1 -> 46024 | C20: CELANA | G20: 28 | H20: 27 | I20: 29 | J20: 29 | K20: 31 | L20: 10 | U20: =SUM(D20:T20) -> 154
C21: HANDUK | F21: 2 | G21: 13 | H21: 19 | I21: 19 | J21: 19 | K21: 18 | L21: 8 | O21: 4 | P21: 2 | Q21: 8 | U21: =SUM(D21:T21) -> 112
C22: SPREI | D22: 2 | E22: 4 | F22: 3 | G22: 25 | H22: 28 | I22: 32 | J22: 24 | K22: 29 | L22: 7 | M22: 7 | N22: 8 | O22: 2 | P22: 2 | Q22: 12 | U22: =SUM(D22:T22) -> 185
C23: SELIMUT | D23: 2 | E23: 3 | F23: 2 | G23: 27 | H23: 23 | I23: 25 | J23: 26 | K23: 27 | L23: 4 | M23: 7 | N23: 4 | O23: 2 | P23: 1 | Q23: 1 | U23: =SUM(D23:T23) -> 154
C24: SLOP BANTAL | D24: 2 | E24: 4 | F24: 5 | G24: 25 | H24: 32 | I24: 27 | J24: 33 | K24: 33 | L24: 6 | M24: 7 | N24: 14 | O24: 2 | P24: 2 | Q24: 11 | U24: =SUM(D24:T24) -> 203
C25: STIK LAKEN | D25: 10 | E25: 7 | F25: 3 | M25: 4 | N25: 16 | O25: 2 | U25: =SUM(D25:T25) -> 42
C26: PERLAK | D26: 7 | E26: 8 | M26: 6 | N26: 2 | U26: =SUM(D26:T26) -> 23
C27: DLL | F27: 3 | G27: 16 | H27: 8 | I27: 9 | J27: 7 | K27: 5 | L27: 5 | M27: 15 | N27: 5 | O27: 3 | T27: 25 | U27: =SUM(D27:T27) -> 101
C28: SUB JUMLAH | D28: =SUM(D19:D27) -> 23 | E28: =SUM(E19:E27) -> 26 | F28: =SUM(F19:F27) -> 18 | G28: =SUM(G19:G27) -> 162 | H28: =SUM(H19:H27) -> 164 | I28: =SUM(I19:I27) -> 170 | J28: =SUM(J19:J27) -> 167 | K28: =SUM(K19:K27) -> 174 | ... U28: =SUM(U19:U27) -> 1140
A31: NO | B31: TANGGAL | C31: JENIS LINEN | D31: =D5 -> ANGGREK | E31: =E5 -> BOUGENVIL | F31: =F5 -> CAMELIA | G31: =G5 -> DEWANDARU | H31: =H5 -> EDELWEIS | I31: =I5 -> FLAMBOYAN | J31: =J5 -> GERANIUM | K31: =K5 -> HELIKONIA | ... U31: =U5 -> JUMLAH
A32: =A19+1 -> 3 | B32: SABTU | C32: BAJU | G32: 19 | H32: 19 | I32: 28 | J32: 29 | K32: 30 | L32: 8 | M32: 2 | O32: 10 | P32: 12 | Q32: 4 | U32: =SUM(D32:T32) -> 161
B33: =B20+1 -> 46025 | C33: CELANA | G33: 19 | H33: 18 | I33: 28 | J33: 29 | K33: 30 | L33: 9 | M33: 2 | U33: =SUM(D33:T33) -> 135
C34: HANDUK | G34: 9 | H34: 8 | I34: 9 | J34: 10 | K34: 9 | L34: 4 | M34: 1 | O34: 3 | U34: =SUM(D34:T34) -> 53
C35: SPREI | D35: 3 | E35: 13 | F35: 4 | G35: 21 | H35: 28 | I35: 22 | J35: 26 | K35: 21 | L35: 10 | M35: 2 | N35: 15 | O35: 1 | P35: 3 | Q35: 3 | R35: 4 | U35: =SUM(D35:T35) -> 176
C36: SELIMUT | D36: 2 | E36: 10 | F36: 5 | G36: 19 | H36: 22 | I36: 21 | J36: 25 | K36: 25 | L36: 2 | M36: 3 | N36: 15 | O36: 1 | P36: 2 | Q36: 2 | R36: 5 | U36: =SUM(D36:T36) -> 159
C37: SLOP BANTAL | D37: 1 | E37: 20 | F37: 3 | G37: 23 | H37: 32 | I37: 25 | J37: 35 | K37: 33 | L37: 6 | M37: 5 | N37: 9 | P37: 2 | Q37: 1 | R37: 3 | U37: =SUM(D37:T37) -> 198
C38: STIK LAKEN | D38: 3 | E38: 12 | F38: 5 | O38: 2 | U38: =SUM(D38:T38) -> 22
C39: PERLAK | D39: 2 | E39: 13 | F39: 4 | N39: 5 | O39: 2 | U39: =SUM(D39:T39) -> 26
C40: DLL | E40: 1 | G40: 5 | H40: 32 | I40: 9 | J40: 9 | K40: 11 | L40: 7 | M40: 2 | N40: 19 | O40: 2 | U40: =SUM(D40:T40) -> 97
C41: SUB JUMLAH | D41: =SUM(D32:D40) -> 11 | E41: =SUM(E32:E40) -> 69 | F41: =SUM(F32:F40) -> 21 | G41: =SUM(G32:G40) -> 115 | H41: =SUM(H32:H40) -> 159 | I41: =SUM(I32:I40) -> 142 | J41: =SUM(J32:J40) -> 163 | K41: =SUM(K32:K40) -> 159 | ... U41: =SUM(U32:U40) -> 1027
A44: NO | B44: TANGGAL | C44: JENIS LINEN | D44: =D5 -> ANGGREK | E44: =E5 -> BOUGENVIL | F44: =F5 -> CAMELIA | G44: =G5 -> DEWANDARU | H44: =H5 -> EDELWEIS | I44: =I5 -> FLAMBOYAN | J44: =J5 -> GERANIUM | K44: =K5 -> HELIKONIA | ... U44: =U5 -> JUMLAH
A45: =A32+1 -> 4 | B45: MINGGU | C45: BAJU | G45: 22 | H45: 27 | I45: 29 | J45: 29 | K45: 30 | L45: 11 | N45: 16 | O45: 12 | P45: 15 | Q45: 12 | U45: =SUM(D45:T45) -> 203
B46: =B33+1 -> 46026 | C46: CELANA | G46: 22 | H46: 27 | I46: 29 | J46: 29 | K46: 30 | L46: 10 | N46: 3 | P46: 10 | Q46: 14 | U46: =SUM(D46:T46) -> 174
C47: HANDUK | D47: 7 | G47: 19 | H47: 17 | I47: 18 | J47: 18 | K47: 16 | L47: 9 | N47: 5 | P47: 8 | Q47: 13 | R47: 7 | U47: =SUM(D47:T47) -> 137
C48: SPREI | D48: 5 | E48: 12 | F48: 8 | G48: 18 | H48: 22 | I48: 25 | J48: 26 | K48: 25 | L48: 5 | M48: 7 | N48: 6 | O48: 5 | P48: 6 | Q48: 5 | R48: 13 | U48: =SUM(D48:T48) -> 188
C49: SELIMUT | D49: 6 | E49: 12 | F49: 7 | G49: 15 | H49: 25 | I49: 33 | J49: 34 | K49: 33 | L49: 7 | M49: 10 | N49: 8 | O49: 4 | P49: 5 | Q49: 4 | R49: 13 | U49: =SUM(D49:T49) -> 216
C50: SLOP BANTAL | D50: 4 | E50: 10 | F50: 9 | G50: 13 | H50: 26 | I50: 34 | J50: 35 | K50: 30 | L50: 4 | M50: 6 | N50: 4 | O50: 4 | U50: =SUM(D50:T50) -> 179
C51: STIK LAKEN | D51: 2 | E51: 12 | F51: 7 | N51: 5 | U51: =SUM(D51:T51) -> 26
C52: PERLAK | E52: 6 | F52: 7 | M52: 4 | N52: 2 | R52: 4 | U52: =SUM(D52:T52) -> 23
C53: DLL | D53: 5 | E53: 8 | F53: 7 | G53: 5 | H53: 16 | I53: 8 | J53: 9 | K53: 6 | L53: 5 | N53: 8 | R53: 5 | U53: =SUM(D53:T53) -> 82
C54: SUB JUMLAH | D54: =SUM(D45:D53) -> 29 | E54: =SUM(E45:E53) -> 60 | F54: =SUM(F45:F53) -> 45 | G54: =SUM(G45:G53) -> 114 | H54: =SUM(H45:H53) -> 160 | I54: =SUM(I45:I53) -> 176 | J54: =SUM(J45:J53) -> 180 | K54: =SUM(K45:K53) -> 170 | ... U54: =SUM(U45:U53) -> 1228
A57: NO | B57: TANGGAL | C57: JENIS LINEN | D57: =D5 -> ANGGREK | E57: =E5 -> BOUGENVIL | F57: =F5 -> CAMELIA | G57: =G5 -> DEWANDARU | H57: =H5 -> EDELWEIS | I57: =I5 -> FLAMBOYAN | J57: =J5 -> GERANIUM | K57: =K5 -> HELIKONIA | ... U57: =U5 -> JUMLAH
A58: =A45+1 -> 5 | B58: SENIN | C58: BAJU | G58: 23 | H58: 28 | I58: 29 | J58: 28 | K58: 33 | L58: 11 | M58: 2 | O58: 11 | P58: 12 | Q58: 15 | U58: =SUM(E58:T58) -> 192
B59: =B46+1 -> 46027 | C59: CELANA | G59: 23 | H59: 28 | I59: 29 | J59: 28 | K59: 33 | L59: 11 | M59: 2 | O59: 2 | P59: 4 | Q59: 15 | U59: =SUM(E59:T59) -> 175
C60: HANDUK | G60: 16 | H60: 19 | I60: 18 | J60: 15 | K60: 19 | L60: 9 | M60: 3 | O60: 3 | Q60: 12 | U60: =SUM(E60:T60) -> 114
C61: SPREI | D61: 5 | E61: 12 | F61: 8 | G61: 18 | H61: 22 | I61: 25 | J61: 26 | K61: 25 | L61: 5 | M61: 7 | N61: 6 | O61: 5 | P61: 6 | Q61: 5 | R61: 13 | U61: =SUM(D61:T61) -> 188
C62: SELIMUT | D62: 6 | E62: 12 | F62: 7 | G62: 15 | H62: 25 | I62: 33 | J62: 34 | K62: 33 | L62: 7 | M62: 10 | N62: 8 | O62: 4 | P62: 5 | Q62: 4 | R62: 13 | U62: =SUM(D62:T62) -> 216
C63: SLOP BANTAL | D63: 4 | E63: 10 | F63: 9 | G63: 13 | H63: 26 | I63: 34 | J63: 35 | K63: 30 | L63: 4 | M63: 6 | N63: 4 | O63: 4 | U63: =SUM(D63:T63) -> 179
C64: STIK LAKEN | D64: 2 | E64: 12 | F64: 7 | N64: 5 | U64: =SUM(D64:T64) -> 26
C65: PERLAK | E65: 6 | F65: 7 | M65: 4 | N65: 2 | R65: 4 | U65: =SUM(D65:T65) -> 23
C66: DLL | D66: 5 | E66: 8 | F66: 7 | G66: 5 | H66: 16 | I66: 8 | J66: 9 | K66: 6 | L66: 5 | N66: 8 | R66: 5 | U66: =SUM(D66:T66) -> 82
C67: SUB JUMLAH | D67: =SUM(D58:D66) -> 22 | E67: =SUM(E58:E66) -> 60 | F67: =SUM(F58:F66) -> 45 | G67: =SUM(G58:G66) -> 113 | H67: =SUM(H58:H66) -> 164 | I67: =SUM(I58:I66) -> 176 | J67: =SUM(J58:J66) -> 175 | K67: =SUM(K58:K66) -> 179 | ... U67: =SUM(U58:U66) -> 1195
A70: NO | B70: TANGGAL | C70: JENIS LINEN | D70: =D5 -> ANGGREK | E70: =E5 -> BOUGENVIL | F70: =F5 -> CAMELIA | G70: =G5 -> DEWANDARU | H70: =H5 -> EDELWEIS | I70: =I5 -> FLAMBOYAN | J70: =J5 -> GERANIUM | K70: =K5 -> HELIKONIA | ... U70: =U5 -> JUMLAH
A71: =A58+1 -> 6 | B71: SELASA | C71: BAJU | G71: 24 | H71: 28 | I71: 29 | J71: 29 | K71: 30 | L71: 9 | O71: 14 | P71: 11 | Q71: 15 | U71: =SUM(D71:T71) -> 189
B72: =B59+1 -> 46028 | C72: CELANA | G72: 24 | H72: 28 | I72: 29 | J72: 29 | K72: 30 | L72: 9 | O72: 4 | P72: 3 | Q72: 6 | U72: =SUM(D72:T72) -> 162
C73: HANDUK | G73: 15 | H73: 16 | I73: 17 | J73: 15 | K73: 17 | L73: 2 | O73: 3 | Q73: 11 | U73: =SUM(D73:T73) -> 96
C74: SPREI | D74: 7 | E74: 6 | F74: 5 | G74: 24 | H74: 20 | I74: 25 | J74: 28 | K74: 34 | L74: 9 | N74: 12 | O74: 6 | P74: 4 | Q74: 7 | S74: 12 | U74: =SUM(D74:T74) -> 199
C75: SELIMUT | D75: 5 | E75: 12 | F75: 10 | G75: 26 | H75: 28 | I75: 34 | J75: 26 | K75: 33 | L75: 4 | N75: 15 | O75: 5 | P75: 3 | Q75: 5 | S75: 8 | U75: =SUM(D75:T75) -> 214
C76: SLOP BANTAL | D76: 6 | E76: 9 | F76: 9 | G76: 33 | H76: 36 | I76: 32 | J76: 27 | K76: 35 | L76: 3 | N76: 9 | O76: 3 | P76: 2 | Q76: 9 | S76: 9 | U76: =SUM(D76:T76) -> 222
C77: STIK LAKEN | D77: 4 | E77: 10 | F77: 8 | O77: 4 | U77: =SUM(D77:T77) -> 26
C78: PERLAK | D78: 2 | E78: 6 | F78: 5 | N78: 5 | O78: 2 | Q78: 2 | U78: =SUM(D78:T78) -> 22
C79: DLL | G79: 9 | H79: 15 | I79: 9 | J79: 16 | K79: 12 | L79: 5 | N79: 7 | O79: 5 | U79: =SUM(D79:T79) -> 78
C80: SUB JUMLAH | D80: =SUM(D71:D79) -> 24 | E80: =SUM(E71:E79) -> 43 | F80: =SUM(F71:F79) -> 37 | G80: =SUM(G71:G79) -> 155 | H80: =SUM(H71:H79) -> 171 | I80: =SUM(I71:I79) -> 175 | J80: =SUM(J71:J79) -> 170 | K80: =SUM(K71:K79) -> 191 | ... U80: =SUM(U71:U79) -> 1208
A83: NO | B83: TANGGAL | C83: JENIS LINEN | D83: =D5 -> ANGGREK | E83: =E5 -> BOUGENVIL | F83: =F5 -> CAMELIA | G83: =G5 -> DEWANDARU | H83: =H5 -> EDELWEIS | I83: =I5 -> FLAMBOYAN | J83: =J5 -> GERANIUM | K83: =K5 -> HELIKONIA | ... U83: =U5 -> JUMLAH
A84: =A71+1 -> 7 | B84: RABU | C84: BAJU | F84: 3 | G84: 24 | H84: 27 | I84: 28 | J84: 29 | K84: 31 | L84: 9 | O84: 12 | P84: 15 | Q84: 18 | U84: =SUM(D84:T84) -> 196
B85: =B72+1 -> 46029 | C85: CELANA | F85: 3 | G85: 24 | H85: 27 | I85: 28 | J85: 29 | K85: 31 | L85: 9 | O85: 3 | P85: 6 | Q85: 4 | U85: =SUM(D85:T85) -> 164
C86: HANDUK | F86: 7 | G86: 18 | H86: 19 | I86: 18 | J86: 17 | K86: 18 | L86: 3 | M86: 2 | O86: 6 | P86: 4 | Q86: 19 | U86: =SUM(D86:T86) -> 131
C87: SPREI | D87: 8 | E87: 12 | F87: 8 | G87: 29 | H87: 27 | I87: 24 | J87: 29 | K87: 25 | L87: 6 | M87: 4 | N87: 11 | O87: 8 | P87: 5 | Q87: 8 | U87: =SUM(D87:T87) -> 204
C88: SELIMUT | D88: 7 | E88: 10 | F88: 6 | G88: 22 | H88: 28 | I88: 29 | J88: 26 | K88: 28 | L88: 4 | M88: 2 | N88: 11 | O88: 11 | P88: 8 | Q88: 7 | U88: =SUM(D88:T88) -> 199
C89: SLOP BANTAL | D89: 6 | E89: 12 | F89: 11 | G89: 26 | H89: 27 | I89: 29 | J89: 30 | K89: 33 | L89: 5 | M89: 2 | N89: 4 | O89: 5 | Q89: 10 | U89: =SUM(D89:T89) -> 200
C90: STIK LAKEN | D90: 5 | E90: 14 | F90: 13 | O90: 7 | U90: =SUM(D90:T90) -> 39
C91: PERLAK | D91: 4 | E91: 10 | F91: 6 | O91: 2 | U91: =SUM(D91:T91) -> 22
C92: DLL | G92: 8 | H92: 13 | I92: 7 | J92: 12 | K92: 8 | L92: 8 | N92: 17 | O92: 6 | T92: 25 | U92: =SUM(D92:T92) -> 104
C93: SUB JUMLAH | D93: =SUM(D84:D92) -> 30 | E93: =SUM(E84:E92) -> 58 | F93: =SUM(F84:F92) -> 57 | G93: =SUM(G84:G92) -> 151 | H93: =SUM(H84:H92) -> 168 | I93: =SUM(I84:I92) -> 163 | J93: =SUM(J84:J92) -> 172 | K93: =SUM(K84:K92) -> 174 | ... U93: =SUM(U84:U92) -> 1259
A96: NO | B96: TANGGAL | C96: JENIS LINEN | D96: =D5 -> ANGGREK | E96: =E5 -> BOUGENVIL | F96: =F5 -> CAMELIA | G96: =G5 -> DEWANDARU | H96: =H5 -> EDELWEIS | I96: =I5 -> FLAMBOYAN | J96: =J5 -> GERANIUM | K96: =K5 -> HELIKONIA | ... U96: =U5 -> JUMLAH
A97: =A84+1 -> 8 | B97: KAMIS | C97: BAJU | G97: 25 | H97: 29 | I97: 30 | J97: 28 | K97: 30 | L97: 11 | O97: 11 | P97: 14 | Q97: 12 | U97: =SUM(D97:T97) -> 190
B98: =B85+1 -> 46030 | C98: CELANA | G98: 24 | H98: 29 | I98: 30 | J98: 28 | K98: 30 | L98: 11 | O98: 4 | Q98: 12 | U98: =SUM(D98:T98) -> 168
C99: HANDUK | G99: 17 | H99: 15 | I99: 16 | J99: 16 | K99: 17 | L99: 8 | O99: 4 | U99: =SUM(D99:T99) -> 93
C100: SPREI | D100: 4 | E100: 10 | F100: 12 | G100: 25 | H100: 31 | I100: 30 | J100: 23 | K100: 25 | L100: 6 | N100: 15 | O100: 5 | P100: 2 | Q100: 5 | R100: 6 | S100: 12 | U100: =SUM(D100:T100) -> 211
C101: SELIMUT | D101: 3 | E101: 9 | F101: 12 | G101: 29 | H101: 26 | I101: 34 | J101: 32 | K101: 34 | L101: 4 | N101: 16 | O101: 6 | P101: 2 | Q101: 4 | R101: 5 | S101: 8 | U101: =SUM(D101:T101) -> 224
C102: SLOP BANTAL | D102: 5 | E102: 9 | F102: 11 | G102: 24 | H102: 29 | I102: 36 | J102: 32 | K102: 29 | L102: 4 | N102: 3 | O102: 5 | P102: 1 | Q102: 6 | R102: 7 | S102: 9 | U102: =SUM(D102:T102) -> 210
C103: STIK LAKEN | D103: 6 | E103: 8 | F103: 8 | O103: 2 | U103: =SUM(D103:T103) -> 24
C104: PERLAK | D104: 2 | E104: 7 | F104: 6 | N104: 2 | O104: 1 | U104: =SUM(D104:T104) -> 18
C105: DLL | G105: 8 | H105: 15 | I105: 12 | J105: 9 | K105: 8 | L105: 2 | N105: 13 | O105: 5 | U105: =SUM(D105:T105) -> 72
C106: SUB JUMLAH | D106: =SUM(D97:D105) -> 20 | E106: =SUM(E97:E105) -> 43 | F106: =SUM(F97:F105) -> 49 | G106: =SUM(G97:G105) -> 152 | H106: =SUM(H97:H105) -> 174 | I106: =SUM(I97:I105) -> 188 | J106: =SUM(J97:J105) -> 168 | K106: =SUM(K97:K105) -> 173 | ... U106: =SUM(U97:U105) -> 1210
A109: NO | B109: TANGGAL | C109: JENIS LINEN | D109: =D5 -> ANGGREK | E109: =E5 -> BOUGENVIL | F109: =F5 -> CAMELIA | G109: =G5 -> DEWANDARU | H109: =H5 -> EDELWEIS | I109: =I5 -> FLAMBOYAN | J109: =J5 -> GERANIUM | K109: =K5 -> HELIKONIA | ... U109: =U5 -> JUMLAH
A110: =A97+1 -> 9 | B110: JUMAT | C110: BAJU | G110: 26 | H110: 28 | I110: 29 | J110: 28 | K110: 31 | L110: 11 | M110: 2 | O110: 15 | P110: 12 | Q110: 17 | U110: =SUM(D110:T110) -> 199
B111: =B98+1 -> 46031 | C111: CELANA | G111: 26 | H111: 28 | I111: 29 | J111: 28 | K111: 31 | L111: 11 | M111: 2 | O111: 4 | P111: 4 | Q111: 4 | U111: =SUM(D111:T111) -> 167
C112: HANDUK | G112: 14 | H112: 15 | I112: 15 | J112: 16 | K112: 17 | L112: 3 | M112: 1 | O112: 4 | Q112: 6 | U112: =SUM(D112:T112) -> 91
C113: SPREI | D113: 9 | E113: 12 | F113: 6 | G113: 25 | H113: 32 | I113: 26 | J113: 26 | K113: 30 | L113: 6 | M113: 3 | N113: 12 | O113: 5 | P113: 4 | Q113: 4 | R113: 4 | U113: =SUM(D113:T113) -> 204
C114: SELIMUT | D114: 8 | E114: 12 | F114: 9 | G114: 27 | H114: 28 | I114: 33 | J114: 34 | K114: 28 | L114: 3 | M114: 2 | N114: 15 | O114: 6 | P114: 3 | Q114: 2 | R114: 5 | U114: =SUM(D114:T114) -> 215
C115: SLOP BANTAL | D115: 7 | E115: 10 | F115: 11 | G115: 28 | H115: 33 | I115: 34 | J115: 32 | K115: 36 | L115: 2 | M115: 2 | N115: 18 | O115: 3 | P115: 3 | Q115: 4 | R115: 6 | U115: =SUM(D115:T115) -> 229
C116: STIK LAKEN | D116: 6 | E116: 11 | F116: 9 | O116: 4 | U116: =SUM(D116:T116) -> 30
C117: PERLAK | D117: 4 | E117: 7 | F117: 5 | N117: 2 | O117: 2 | Q117: 1 | U117: =SUM(D117:T117) -> 21
...

Sheet Bulanan 2024
A1: PENGELOLAAN LINEN INSTALASI LAUNDRY (POTONG)
A2: RSJD Dr RM SOEDJARWADI PROVINSI JAWA TENGAH
A3: BULAN JANUARI 2026
A5: NO | B5: BULAN | C5: JENIS LINEN | D5: ANGGREK | E5: BOUGENVIL | F5: CAMELIA II | G5: DEWANDARU | H5: EDELWEIS | I5: FLAMBOYAN | J5: GERANIUM | K5: HELIKONIA | L5: IVY | M5: JASMINE | N5: IGD | O5: HCU | P5: PENUNJANG | Q5: PELAYANAN | R5: ADMIN | S5: ASRAMA | T5: MASJID | U5: Ʃ Masuk | V5: Ʃ Kirim | W5: SELISIH
B6: JANUARI | C6: BAJU | D6: ='Harian 2024'!D6+'Harian 2024'!D19+'Harian 2024'!D32+'Harian 2024'!D45+'Harian 2024'!D58+'Harian 2024'!D71+'Harian 2024'!D84+'Harian 2024'!D97+'Harian 2024'!D110+'Harian 2024'!D123+'Harian 2024'!D136+'Harian 2024'!D149+'Harian 2024'!D162+'Harian 2024'!D175+'Harian 2024'!D188+'Harian 2024'!D201+'Harian 2024'!D214+'Harian 2024'!D227+'Harian 2024'!D240+'Harian 2024'!D266+'Harian 2024'!D279+'Harian 2024'!D292+'Harian 2024'!D305+'Harian 2024'!D318+'Harian 2024'!D331+'Harian 2024'!D344+'Harian 2024'!D357+'Harian 2024'!D370+'Harian 2024'!D383+'Harian 2024'!D396 -> 0 | E6: ='Harian 2024'!E6+'Harian 2024'!E19+'Harian 2024'!E32+'Harian 2024'!E45+'Harian 2024'!E58+'Harian 2024'!E71+'Harian 2024'!E84+'Harian 2024'!E97+'Harian 2024'!E110+'Harian 2024'!E123+'Harian 2024'!E136+'Harian 2024'!E149+'Harian 2024'!E162+'Harian 2024'!E175+'Harian 2024'!E188+'Harian 2024'!E201+'Harian 2024'!E214+'Harian 2024'!E227+'Harian 2024'!E240+'Harian 2024'!E266+'Harian 2024'!E279+'Harian 2024'!E292+'Harian 2024'!E305+'Harian 2024'!E318+'Harian 2024'!E331+'Harian 2024'!E344+'Harian 2024'!E357+'Harian 2024'!E370+'Harian 2024'!E383+'Harian 2024'!E396 -> 3 | F6: ='Harian 2024'!F6+'Harian 2024'!F19+'Harian 2024'!F32+'Harian 2024'!F45+'Harian 2024'!F58+'Harian 2024'!F71+'Harian 2024'!F84+'Harian 2024'!F97+'Harian 2024'!F110+'Harian 2024'!F123+'Harian 2024'!F136+'Harian 2024'!F149+'Harian 2024'!F162+'Harian 2024'!F175+'Harian 2024'!F188+'Harian 2024'!F201+'Harian 2024'!F214+'Harian 2024'!F227+'Harian 2024'!F240+'Harian 2024'!F266+'Harian 2024'!F279+'Harian 2024'!F292+'Harian 2024'!F305+'Harian 2024'!F318+'Harian 2024'!F331+'Harian 2024'!F344+'Harian 2024'!F357+'Harian 2024'!F370+'Harian 2024'!F383+'Harian 2024'!F396 -> 14 | G6: ='Harian 2024'!G6+'Harian 2024'!G19+'Harian 2024'!G32+'Harian 2024'!G45+'Harian 2024'!G58+'Harian 2024'!G71+'Harian 2024'!G84+'Harian 2024'!G97+'Harian 2024'!G110+'Harian 2024'!G123+'Harian 2024'!G136+'Harian 2024'!G149+'Harian 2024'!G162+'Harian 2024'!G175+'Harian 2024'!G188+'Harian 2024'!G201+'Harian 2024'!G214+'Harian 2024'!G227+'Harian 2024'!G240+'Harian 2024'!G266+'Harian 2024'!G279+'Harian 2024'!G292+'Harian 2024'!G305+'Harian 2024'!G318+'Harian 2024'!G331+'Harian 2024'!G344+'Harian 2024'!G357+'Harian 2024'!G370+'Harian 2024'!G383+'Harian 2024'!G396 -> 674 | H6: ='Harian 2024'!H6+'Harian 2024'!H19+'Harian 2024'!H32+'Harian 2024'!H45+'Harian 2024'!H58+'Harian 2024'!H71+'Harian 2024'!H84+'Harian 2024'!H97+'Harian 2024'!H110+'Harian 2024'!H123+'Harian 2024'!H136+'Harian 2024'!H149+'Harian 2024'!H162+'Harian 2024'!H175+'Harian 2024'!H188+'Harian 2024'!H201+'Harian 2024'!H214+'Harian 2024'!H227+'Harian 2024'!H240+'Harian 2024'!H266+'Harian 2024'!H279+'Harian 2024'!H292+'Harian 2024'!H305+'Harian 2024'!H318+'Harian 2024'!H331+'Harian 2024'!H344+'Harian 2024'!H357+'Harian 2024'!H370+'Harian 2024'!H383+'Harian 2024'!H396 -> 803 | I6: ='Harian 2024'!I6+'Harian 2024'!I19+'Harian 2024'!I32+'Harian 2024'!I45+'Harian 2024'!I58+'Harian 2024'!I71+'Harian 2024'!I84+'Harian 2024'!I97+'Harian 2024'!I110+'Harian 2024'!I123+'Harian 2024'!I136+'Harian 2024'!I149+'Harian 2024'!I162+'Harian 2024'!I175+'Harian 2024'!I188+'Harian 2024'!I201+'Harian 2024'!I214+'Harian 2024'!I227+'Harian 2024'!I240+'Harian 2024'!I266+'Harian 2024'!I279+'Harian 2024'!I292+'Harian 2024'!I305+'Harian 2024'!I318+'Harian 2024'!I331+'Harian 2024'!I344+'Harian 2024'!I357+'Harian 2024'!I370+'Harian 2024'!I383+'Harian 2024'!I396 -> 857 | J6: ='Harian 2024'!J6+'Harian 2024'!J19+'Harian 2024'!J32+'Harian 2024'!J45+'Harian 2024'!J58+'Harian 2024'!J71+'Harian 2024'!J84+'Harian 2024'!J97+'Harian 2024'!J110+'Harian 2024'!J123+'Harian 2024'!J136+'Harian 2024'!J149+'Harian 2024'!J162+'Harian 2024'!J175+'Harian 2024'!J188+'Harian 2024'!J201+'Harian 2024'!J214+'Harian 2024'!J227+'Harian 2024'!J240+'Harian 2024'!J266+'Harian 2024'!J279+'Harian 2024'!J292+'Harian 2024'!J305+'Harian 2024'!J318+'Harian 2024'!J331+'Harian 2024'!J344+'Harian 2024'!J357+'Harian 2024'!J370+'Harian 2024'!J383+'Harian 2024'!J396 -> 850 | K6: ='Harian 2024'!K6+'Harian 2024'!K19+'Harian 2024'!K32+'Harian 2024'!K45+'Harian 2024'!K58+'Harian 2024'!K71+'Harian 2024'!K84+'Harian 2024'!K97+'Harian 2024'!K110+'Harian 2024'!K123+'Harian 2024'!K136+'Harian 2024'!K149+'Harian 2024'!K162+'Harian 2024'!K175+'Harian 2024'!K188+'Harian 2024'!K201+'Harian 2024'!K214+'Harian 2024'!K227+'Harian 2024'!K240+'Harian 2024'!K266+'Harian 2024'!K279+'Harian 2024'!K292+'Harian 2024'!K305+'Harian 2024'!K318+'Harian 2024'!K331+'Harian 2024'!K344+'Harian 2024'!K357+'Harian 2024'!K370+'Harian 2024'!K383+'Harian 2024'!K396 -> 953 | ... U6: ='Harian 2024'!U6+'Harian 2024'!U19+'Harian 2024'!U32+'Harian 2024'!U45+'Harian 2024'!U58+'Harian 2024'!U71+'Harian 2024'!U84+'Harian 2024'!U97+'Harian 2024'!U110+'Harian 2024'!U123+'Harian 2024'!U136+'Harian 2024'!U149+'Harian 2024'!U162+'Harian 2024'!U175+'Harian 2024'!U188+'Harian 2024'!U201+'Harian 2024'!U214+'Harian 2024'!U227+'Harian 2024'!U240+'Harian 2024'!U266+'Harian 2024'!U279+'Harian 2024'!U292+'Harian 2024'!U305+'Harian 2024'!U318+'Harian 2024'!U331+'Harian 2024'!U344+'Harian 2024'!U357+'Harian 2024'!U370+'Harian 2024'!U383+'Harian 2024'!U396 -> 5511 | V6: =U6 -> 5511 | W6: =U6-V6 -> 0
C7: CELANA | D7: ='Harian 2024'!D7+'Harian 2024'!D20+'Harian 2024'!D33+'Harian 2024'!D46+'Harian 2024'!D59+'Harian 2024'!D72+'Harian 2024'!D85+'Harian 2024'!D98+'Harian 2024'!D111+'Harian 2024'!D124+'Harian 2024'!D137+'Harian 2024'!D150+'Harian 2024'!D163+'Harian 2024'!D176+'Harian 2024'!D189+'Harian 2024'!D202+'Harian 2024'!D215+'Harian 2024'!D228+'Harian 2024'!D241+'Harian 2024'!D267+'Harian 2024'!D280+'Harian 2024'!D293+'Harian 2024'!D306+'Harian 2024'!D319+'Harian 2024'!D332+'Harian 2024'!D345+'Harian 2024'!D358+'Harian 2024'!D371+'Harian 2024'!D384+'Harian 2024'!D397 -> 0 | E7: ='Harian 2024'!E7+'Harian 2024'!E20+'Harian 2024'!E33+'Harian 2024'!E46+'Harian 2024'!E59+'Harian 2024'!E72+'Harian 2024'!E85+'Harian 2024'!E98+'Harian 2024'!E111+'Harian 2024'!E124+'Harian 2024'!E137+'Harian 2024'!E150+'Harian 2024'!E163+'Harian 2024'!E176+'Harian 2024'!E189+'Harian 2024'!E202+'Harian 2024'!E215+'Harian 2024'!E228+'Harian 2024'!E241+'Harian 2024'!E267+'Harian 2024'!E280+'Harian 2024'!E293+'Harian 2024'!E306+'Harian 2024'!E319+'Harian 2024'!E332+'Harian 2024'!E345+'Harian 2024'!E358+'Harian 2024'!E371+'Harian 2024'!E384+'Harian 2024'!E397 -> 0 | F7: ='Harian 2024'!F7+'Harian 2024'!F20+'Harian 2024'!F33+'Harian 2024'!F46+'Harian 2024'!F59+'Harian 2024'!F72+'Harian 2024'!F85+'Harian 2024'!F98+'Harian 2024'!F111+'Harian 2024'!F124+'Harian 2024'!F137+'Harian 2024'!F150+'Harian 2024'!F163+'Harian 2024'!F176+'Harian 2024'!F189+'Harian 2024'!F202+'Harian 2024'!F215+'Harian 2024'!F228+'Harian 2024'!F241+'Harian 2024'!F267+'Harian 2024'!F280+'Harian 2024'!F293+'Harian 2024'!F306+'Harian 2024'!F319+'Harian 2024'!F332+'Harian 2024'!F345+'Harian 2024'!F358+'Harian 2024'!F371+'Harian 2024'!F384+'Harian 2024'!F397 -> 5 | G7: ='Harian 2024'!G7+'Harian 2024'!G20+'Harian 2024'!G33+'Harian 2024'!G46+'Harian 2024'!G59+'Harian 2024'!G72+'Harian 2024'!G85+'Harian 2024'!G98+'Harian 2024'!G111+'Harian 2024'!G124+'Harian 2024'!G137+'Harian 2024'!G150+'Harian 2024'!G163+'Harian 2024'!G176+'Harian 2024'!G189+'Harian 2024'!G202+'Harian 2024'!G215+'Harian 2024'!G228+'Harian 2024'!G241+'Harian 2024'!G267+'Harian 2024'!G280+'Harian 2024'!G293+'Harian 2024'!G306+'Harian 2024'!G319+'Harian 2024'!G332+'Harian 2024'!G345+'Harian 2024'!G358+'Harian 2024'!G371+'Harian 2024'!G384+'Harian 2024'!G397 -> 675 | H7: ='Harian 2024'!H7+'Harian 2024'!H20+'Harian 2024'!H33+'Harian 2024'!H46+'Harian 2024'!H59+'Harian 2024'!H72+'Harian 2024'!H85+'Harian 2024'!H98+'Harian 2024'!H111+'Harian 2024'!H124+'Harian 2024'!H137+'Harian 2024'!H150+'Harian 2024'!H163+'Harian 2024'!H176+'Harian 2024'!H189+'Harian 2024'!H202+'Harian 2024'!H215+'Harian 2024'!H228+'Harian 2024'!H241+'Harian 2024'!H267+'Harian 2024'!H280+'Harian 2024'!H293+'Harian 2024'!H306+'Harian 2024'!H319+'Harian 2024'!H332+'Harian 2024'!H345+'Harian 2024'!H358+'Harian 2024'!H371+'Harian 2024'!H384+'Harian 2024'!H397 -> 802 | I7: ='Harian 2024'!I7+'Harian 2024'!I20+'Harian 2024'!I33+'Harian 2024'!I46+'Harian 2024'!I59+'Harian 2024'!I72+'Harian 2024'!I85+'Harian 2024'!I98+'Harian 2024'!I111+'Harian 2024'!I124+'Harian 2024'!I137+'Harian 2024'!I150+'Harian 2024'!I163+'Harian 2024'!I176+'Harian 2024'!I189+'Harian 2024'!I202+'Harian 2024'!I215+'Harian 2024'!I228+'Harian 2024'!I241+'Harian 2024'!I267+'Harian 2024'!I280+'Harian 2024'!I293+'Harian 2024'!I306+'Harian 2024'!I319+'Harian 2024'!I332+'Harian 2024'!I345+'Harian 2024'!I358+'Harian 2024'!I371+'Harian 2024'!I384+'Harian 2024'!I397 -> 857 | J7: ='Harian 2024'!J7+'Harian 2024'!J20+'Harian 2024'!J33+'Harian 2024'!J46+'Harian 2024'!J59+'Harian 2024'!J72+'Harian 2024'!J85+'Harian 2024'!J98+'Harian 2024'!J111+'Harian 2024'!J124+'Harian 2024'!J137+'Harian 2024'!J150+'Harian 2024'!J163+'Harian 2024'!J176+'Harian 2024'!J189+'Harian 2024'!J202+'Harian 2024'!J215+'Harian 2024'!J228+'Harian 2024'!J241+'Harian 2024'!J267+'Harian 2024'!J280+'Harian 2024'!J293+'Harian 2024'!J306+'Harian 2024'!J319+'Harian 2024'!J332+'Harian 2024'!J345+'Harian 2024'!J358+'Harian 2024'!J371+'Harian 2024'!J384+'Harian 2024'!J397 -> 852 | K7: ='Harian 2024'!K7+'Harian 2024'!K20+'Harian 2024'!K33+'Harian 2024'!K46+'Harian 2024'!K59+'Harian 2024'!K72+'Harian 2024'!K85+'Harian 2024'!K98+'Harian 2024'!K111+'Harian 2024'!K124+'Harian 2024'!K137+'Harian 2024'!K150+'Harian 2024'!K163+'Harian 2024'!K176+'Harian 2024'!K189+'Harian 2024'!K202+'Harian 2024'!K215+'Harian 2024'!K228+'Harian 2024'!K241+'Harian 2024'!K267+'Harian 2024'!K280+'Harian 2024'!K293+'Harian 2024'!K306+'Harian 2024'!K319+'Harian 2024'!K332+'Harian 2024'!K345+'Harian 2024'!K358+'Harian 2024'!K371+'Harian 2024'!K384+'Harian 2024'!K397 -> 953 | ... U7: ='Harian 2024'!U7+'Harian 2024'!U20+'Harian 2024'!U33+'Harian 2024'!U46+'Harian 2024'!U59+'Harian 2024'!U72+'Harian 2024'!U85+'Harian 2024'!U98+'Harian 2024'!U111+'Harian 2024'!U124+'Harian 2024'!U137+'Harian 2024'!U150+'Harian 2024'!U163+'Harian 2024'!U176+'Harian 2024'!U189+'Harian 2024'!U202+'Harian 2024'!U215+'Harian 2024'!U228+'Harian 2024'!U241+'Harian 2024'!U267+'Harian 2024'!U280+'Harian 2024'!U293+'Harian 2024'!U306+'Harian 2024'!U319+'Harian 2024'!U332+'Harian 2024'!U345+'Harian 2024'!U358+'Harian 2024'!U371+'Harian 2024'!U384+'Harian 2024'!U397 -> 4910 | V7: =U7 -> 4910 | W7: =U7-V7 -> 0
C8: HANDUK | D8: ='Harian 2024'!D8+'Harian 2024'!D21+'Harian 2024'!D34+'Harian 2024'!D47+'Harian 2024'!D60+'Harian 2024'!D73+'Harian 2024'!D86+'Harian 2024'!D99+'Harian 2024'!D112+'Harian 2024'!D125+'Harian 2024'!D138+'Harian 2024'!D151+'Harian 2024'!D164+'Harian 2024'!D177+'Harian 2024'!D190+'Harian 2024'!D203+'Harian 2024'!D216+'Harian 2024'!D229+'Harian 2024'!D242+'Harian 2024'!D268+'Harian 2024'!D281+'Harian 2024'!D294+'Harian 2024'!D307+'Harian 2024'!D320+'Harian 2024'!D333+'Harian 2024'!D346+'Harian 2024'!D359+'Harian 2024'!D372+'Harian 2024'!D385+'Harian 2024'!D398 -> 7 | E8: ='Harian 2024'!E8+'Harian 2024'!E21+'Harian 2024'!E34+'Harian 2024'!E47+'Harian 2024'!E60+'Harian 2024'!E73+'Harian 2024'!E86+'Harian 2024'!E99+'Harian 2024'!E112+'Harian 2024'!E125+'Harian 2024'!E138+'Harian 2024'!E151+'Harian 2024'!E164+'Harian 2024'!E177+'Harian 2024'!E190+'Harian 2024'!E203+'Harian 2024'!E216+'Harian 2024'!E229+'Harian 2024'!E242+'Harian 2024'!E268+'Harian 2024'!E281+'Harian 2024'!E294+'Harian 2024'!E307+'Harian 2024'!E320+'Harian 2024'!E333+'Harian 2024'!E346+'Harian 2024'!E359+'Harian 2024'!E372+'Harian 2024'!E385+'Harian 2024'!E398 -> 5 | F8: ='Harian 2024'!F8+'Harian 2024'!F21+'Harian 2024'!F34+'Harian 2024'!F47+'Harian 2024'!F60+'Harian 2024'!F73+'Harian 2024'!F86+'Harian 2024'!F99+'Harian 2024'!F112+'Harian 2024'!F125+'Harian 2024'!F138+'Harian 2024'!F151+'Harian 2024'!F164+'Harian 2024'!F177+'Harian 2024'!F190+'Harian 2024'!F203+'Harian 2024'!F216+'Harian 2024'!F229+'Harian 2024'!F242+'Harian 2024'!F268+'Harian 2024'!F281+'Harian 2024'!F294+'Harian 2024'!F307+'Harian 2024'!F320+'Harian 2024'!F333+'Harian 2024'!F346+'Harian 2024'!F359+'Harian 2024'!F372+'Harian 2024'!F385+'Harian 2024'!F398 -> 9 | G8: ='Harian 2024'!G8+'Harian 2024'!G21+'Harian 2024'!G34+'Harian 2024'!G47+'Harian 2024'!G60+'Harian 2024'!G73+'Harian 2024'!G86+'Harian 2024'!G99+'Harian 2024'!G112+'Harian 2024'!G125+'Harian 2024'!G138+'Harian 2024'!G151+'Harian 2024'!G164+'Harian 2024'!G177+'Harian 2024'!G190+'Harian 2024'!G203+'Harian 2024'!G216+'Harian 2024'!G229+'Harian 2024'!G242+'Harian 2024'!G268+'Harian 2024'!G281+'Harian 2024'!G294+'Harian 2024'!G307+'Harian 2024'!G320+'Harian 2024'!G333+'Harian 2024'!G346+'Harian 2024'!G359+'Harian 2024'!G372+'Harian 2024'!G385+'Harian 2024'!G398 -> 428 | H8: ='Harian 2024'!H8+'Harian 2024'!H21+'Harian 2024'!H34+'Harian 2024'!H47+'Harian 2024'!H60+'Harian 2024'!H73+'Harian 2024'!H86+'Harian 2024'!H99+'Harian 2024'!H112+'Harian 2024'!H125+'Harian 2024'!H138+'Harian 2024'!H151+'Harian 2024'!H164+'Harian 2024'!H177+'Harian 2024'!H190+'Harian 2024'!H203+'Harian 2024'!H216+'Harian 2024'!H229+'Harian 2024'!H242+'Harian 2024'!H268+'Harian 2024'!H281+'Harian 2024'!H294+'Harian 2024'!H307+'Harian 2024'!H320+'Harian 2024'!H333+'Harian 2024'!H346+'Harian 2024'!H359+'Harian 2024'!H372+'Harian 2024'!H385+'Harian 2024'!H398 -> 440 | I8: ='Harian 2024'!I8+'Harian 2024'!I21+'Harian 2024'!I34+'Harian 2024'!I47+'Harian 2024'!I60+'Harian 2024'!I73+'Harian 2024'!I86+'Harian 2024'!I99+'Harian 2024'!I112+'Harian 2024'!I125+'Harian 2024'!I138+'Harian 2024'!I151+'Harian 2024'!I164+'Harian 2024'!I177+'Harian 2024'!I190+'Harian 2024'!I203+'Harian 2024'!I216+'Harian 2024'!I229+'Harian 2024'!I242+'Harian 2024'!I268+'Harian 2024'!I281+'Harian 2024'!I294+'Harian 2024'!I307+'Harian 2024'!I320+'Harian 2024'!I333+'Harian 2024'!I346+'Harian 2024'!I359+'Harian 2024'!I372+'Harian 2024'!I385+'Harian 2024'!I398 -> 417 | J8: ='Harian 2024'!J8+'Harian 2024'!J21+'Harian 2024'!J34+'Harian 2024'!J47+'Harian 2024'!J60+'Harian 2024'!J73+'Harian 2024'!J86+'Harian 2024'!J99+'Harian 2024'!J112+'Harian 2024'!J125+'Harian 2024'!J138+'Harian 2024'!J151+'Harian 2024'!J164+'Harian 2024'!J177+'Harian 2024'!J190+'Harian 2024'!J203+'Harian 2024'!J216+'Harian 2024'!J229+'Harian 2024'!J242+'Harian 2024'!J268+'Harian 2024'!J281+'Harian 2024'!J294+'Harian 2024'!J307+'Harian 2024'!J320+'Harian 2024'!J333+'Harian 2024'!J346+'Harian 2024'!J359+'Harian 2024'!J372+'Harian 2024'!J385+'Harian 2024'!J398 -> 433 | K8: ='Harian 2024'!K8+'Harian 2024'!K21+'Harian 2024'!K34+'Harian 2024'!K47+'Harian 2024'!K60+'Harian 2024'!K73+'Harian 2024'!K86+'Harian 2024'!K99+'Harian 2024'!K112+'Harian 2024'!K125+'Harian 2024'!K138+'Harian 2024'!K151+'Harian 2024'!K164+'Harian 2024'!K177+'Harian 2024'!K190+'Harian 2024'!K203+'Harian 2024'!K216+'Harian 2024'!K229+'Harian 2024'!K242+'Harian 2024'!K268+'Harian 2024'!K281+'Harian 2024'!K294+'Harian 2024'!K307+'Harian 2024'!K320+'Harian 2024'!K333+'Harian 2024'!K346+'Harian 2024'!K359+'Harian 2024'!K372+'Harian 2024'!K385+'Harian 2024'!K398 -> 455 | ... U8: ='Harian 2024'!U8+'Harian 2024'!U21+'Harian 2024'!U34+'Harian 2024'!U47+'Harian 2024'!U60+'Harian 2024'!U73+'Harian 2024'!U86+'Harian 2024'!U99+'Harian 2024'!U112+'Harian 2024'!U125+'Harian 2024'!U138+'Harian 2024'!U151+'Harian 2024'!U164+'Harian 2024'!U177+'Harian 2024'!U190+'Harian 2024'!U203+'Harian 2024'!U216+'Harian 2024'!U229+'Harian 2024'!U242+'Harian 2024'!U268+'Harian 2024'!U281+'Harian 2024'!U294+'Harian 2024'!U307+'Harian 2024'!U320+'Harian 2024'!U333+'Harian 2024'!U346+'Harian 2024'!U359+'Harian 2024'!U372+'Harian 2024'!U385+'Harian 2024'!U398 -> 2856 | V8: =U8 -> 2856 | W8: =U8-V8 -> 0
C9: SPREI | D9: ='Harian 2024'!D9+'Harian 2024'!D22+'Harian 2024'!D35+'Harian 2024'!D48+'Harian 2024'!D61+'Harian 2024'!D74+'Harian 2024'!D87+'Harian 2024'!D100+'Harian 2024'!D113+'Harian 2024'!D126+'Harian 2024'!D139+'Harian 2024'!D152+'Harian 2024'!D165+'Harian 2024'!D178+'Harian 2024'!D191+'Harian 2024'!D204+'Harian 2024'!D217+'Harian 2024'!D230+'Harian 2024'!D243+'Harian 2024'!D269+'Harian 2024'!D282+'Harian 2024'!D295+'Harian 2024'!D308+'Harian 2024'!D321+'Harian 2024'!D334+'Harian 2024'!D347+'Harian 2024'!D360+'Harian 2024'!D373+'Harian 2024'!D386+'Harian 2024'!D399 -> 180 | E9: ='Harian 2024'!E9+'Harian 2024'!E22+'Harian 2024'!E35+'Harian 2024'!E48+'Harian 2024'!E61+'Harian 2024'!E74+'Harian 2024'!E87+'Harian 2024'!E100+'Harian 2024'!E113+'Harian 2024'!E126+'Harian 2024'!E139+'Harian 2024'!E152+'Harian 2024'!E165+'Harian 2024'!E178+'Harian 2024'!E191+'Harian 2024'!E204+'Harian 2024'!E217+'Harian 2024'!E230+'Harian 2024'!E243+'Harian 2024'!E269+'Harian 2024'!E282+'Harian 2024'!E295+'Harian 2024'!E308+'Harian 2024'!E321+'Harian 2024'!E334+'Harian 2024'!E347+'Harian 2024'!E360+'Harian 2024'!E373+'Harian 2024'!E386+'Harian 2024'!E399 -> 320 | F9: ='Harian 2024'!F9+'Harian 2024'!F22+'Harian 2024'!F35+'Harian 2024'!F48+'Harian 2024'!F61+'Harian 2024'!F74+'Harian 2024'!F87+'Harian 2024'!F100+'Harian 2024'!F113+'Harian 2024'!F126+'Harian 2024'!F139+'Harian 2024'!F152+'Harian 2024'!F165+'Harian 2024'!F178+'Harian 2024'!F191+'Harian 2024'!F204+'Harian 2024'!F217+'Harian 2024'!F230+'Harian 2024'!F243+'Harian 2024'!F269+'Harian 2024'!F282+'Harian 2024'!F295+'Harian 2024'!F308+'Harian 2024'!F321+'Harian 2024'!F334+'Harian 2024'!F347+'Harian 2024'!F360+'Harian 2024'!F373+'Harian 2024'!F386+'Harian 2024'!F399 -> 187 | G9: ='Harian 2024'!G9+'Harian 2024'!G22+'Harian 2024'!G35+'Harian 2024'!G48+'Harian 2024'!G61+'Harian 2024'!G74+'Harian 2024'!G87+'Harian 2024'!G100+'Harian 2024'!G113+'Harian 2024'!G126+'Harian 2024'!G139+'Harian 2024'!G152+'Harian 2024'!G165+'Harian 2024'!G178+'Harian 2024'!G191+'Harian 2024'!G204+'Harian 2024'!G217+'Harian 2024'!G230+'Harian 2024'!G243+'Harian 2024'!G269+'Harian 2024'!G282+'Harian 2024'!G295+'Harian 2024'!G308+'Harian 2024'!G321+'Harian 2024'!G334+'Harian 2024'!G347+'Harian 2024'!G360+'Harian 2024'!G373+'Harian 2024'!G386+'Harian 2024'!G399 -> 721 | H9: ='Harian 2024'!H9+'Harian 2024'!H22+'Harian 2024'!H35+'Harian 2024'!H48+'Harian 2024'!H61+'Harian 2024'!H74+'Harian 2024'!H87+'Harian 2024'!H100+'Harian 2024'!H113+'Harian 2024'!H126+'Harian 2024'!H139+'Harian 2024'!H152+'Harian 2024'!H165+'Harian 2024'!H178+'Harian 2024'!H191+'Harian 2024'!H204+'Harian 2024'!H217+'Harian 2024'!H230+'Harian 2024'!H243+'Harian 2024'!H269+'Harian 2024'!H282+'Harian 2024'!H295+'Harian 2024'!H308+'Harian 2024'!H321+'Harian 2024'!H334+'Harian 2024'!H347+'Harian 2024'!H360+'Harian 2024'!H373+'Harian 2024'!H386+'Harian 2024'!H399 -> 781 | I9: ='Harian 2024'!I9+'Harian 2024'!I22+'Harian 2024'!I35+'Harian 2024'!I48+'Harian 2024'!I61+'Harian 2024'!I74+'Harian 2024'!I87+'Harian 2024'!I100+'Harian 2024'!I113+'Harian 2024'!I126+'Harian 2024'!I139+'Harian 2024'!I152+'Harian 2024'!I165+'Harian 2024'!I178+'Harian 2024'!I191+'Harian 2024'!I204+'Harian 2024'!I217+'Harian 2024'!I230+'Harian 2024'!I243+'Harian 2024'!I269+'Harian 2024'!I282+'Harian 2024'!I295+'Harian 2024'!I308+'Harian 2024'!I321+'Harian 2024'!I334+'Harian 2024'!I347+'Harian 2024'!I360+'Harian 2024'!I373+'Harian 2024'!I386+'Harian 2024'!I399 -> 827 | J9: ='Harian 2024'!J9+'Harian 2024'!J22+'Harian 2024'!J35+'Harian 2024'!J48+'Harian 2024'!J61+'Harian 2024'!J74+'Harian 2024'!J87+'Harian 2024'!J100+'Harian 2024'!J113+'Harian 2024'!J126+'Harian 2024'!J139+'Harian 2024'!J152+'Harian 2024'!J165+'Harian 2024'!J178+'Harian 2024'!J191+'Harian 2024'!J204+'Harian 2024'!J217+'Harian 2024'!J230+'Harian 2024'!J243+'Harian 2024'!J269+'Harian 2024'!J282+'Harian 2024'!J295+'Harian 2024'!J308+'Harian 2024'!J321+'Harian 2024'!J334+'Harian 2024'!J347+'Harian 2024'!J360+'Harian 2024'!J373+'Harian 2024'!J386+'Harian 2024'!J399 -> 824 | K9: ='Harian 2024'!K9+'Harian 2024'!K22+'Harian 2024'!K35+'Harian 2024'!K48+'Harian 2024'!K61+'Harian 2024'!K74+'Harian 2024'!K87+'Harian 2024'!K100+'Harian 2024'!K113+'Harian 2024'!K126+'Harian 2024'!K139+'Harian 2024'!K152+'Harian 2024'!K165+'Harian 2024'!K178+'Harian 2024'!K191+'Harian 2024'!K204+'Harian 2024'!K217+'Harian 2024'!K230+'Harian 2024'!K243+'Harian 2024'!K269+'Harian 2024'!K282+'Harian 2024'!K295+'Harian 2024'!K308+'Harian 2024'!K321+'Harian 2024'!K334+'Harian 2024'!K347+'Harian 2024'!K360+'Harian 2024'!K373+'Harian 2024'!K386+'Harian 2024'!K399 -> 890 | ... U9: ='Harian 2024'!U9+'Harian 2024'!U22+'Harian 2024'!U35+'Harian 2024'!U48+'Harian 2024'!U61+'Harian 2024'!U74+'Harian 2024'!U87+'Harian 2024'!U100+'Harian 2024'!U113+'Harian 2024'!U126+'Harian 2024'!U139+'Harian 2024'!U152+'Harian 2024'!U165+'Harian 2024'!U178+'Harian 2024'!U191+'Harian 2024'!U204+'Harian 2024'!U217+'Harian 2024'!U230+'Harian 2024'!U243+'Harian 2024'!U269+'Harian 2024'!U282+'Harian 2024'!U295+'Harian 2024'!U308+'Harian 2024'!U321+'Harian 2024'!U334+'Harian 2024'!U347+'Harian 2024'!U360+'Harian 2024'!U373+'Harian 2024'!U386+'Harian 2024'!U399 -> 6126 | V9: =U9 -> 6126 | W9: =U9-V9 -> 0
C10: SELIMUT | D10: ='Harian 2024'!D10+'Harian 2024'!D23+'Harian 2024'!D36+'Harian 2024'!D49+'Harian 2024'!D62+'Harian 2024'!D75+'Harian 2024'!D88+'Harian 2024'!D101+'Harian 2024'!D114+'Harian 2024'!D127+'Harian 2024'!D140+'Harian 2024'!D153+'Harian 2024'!D166+'Harian 2024'!D179+'Harian 2024'!D192+'Harian 2024'!D205+'Harian 2024'!D218+'Harian 2024'!D231+'Harian 2024'!D244+'Harian 2024'!D270+'Harian 2024'!D283+'Harian 2024'!D296+'Harian 2024'!D309+'Harian 2024'!D322+'Harian 2024'!D335+'Harian 2024'!D348+'Harian 2024'!D361+'Harian 2024'!D374+'Harian 2024'!D387+'Harian 2024'!D400 -> 144 | E10: ='Harian 2024'!E10+'Harian 2024'!E23+'Harian 2024'!E36+'Harian 2024'!E49+'Harian 2024'!E62+'Harian 2024'!E75+'Harian 2024'!E88+'Harian 2024'!E101+'Harian 2024'!E114+'Harian 2024'!E127+'Harian 2024'!E140+'Harian 2024'!E153+'Harian 2024'!E166+'Harian 2024'!E179+'Harian 2024'!E192+'Harian 2024'!E205+'Harian 2024'!E218+'Harian 2024'!E231+'Harian 2024'!E244+'Harian 2024'!E270+'Harian 2024'!E283+'Harian 2024'!E296+'Harian 2024'!E309+'Harian 2024'!E322+'Harian 2024'!E335+'Harian 2024'!E348+'Harian 2024'!E361+'Harian 2024'!E374+'Harian 2024'!E387+'Harian 2024'!E400 -> 322 | F10: ='Harian 2024'!F10+'Harian 2024'!F23+'Harian 2024'!F36+'Harian 2024'!F49+'Harian 2024'!F62+'Harian 2024'!F75+'Harian 2024'!F88+'Harian 2024'!F101+'Harian 2024'!F114+'Harian 2024'!F127+'Harian 2024'!F140+'Harian 2024'!F153+'Harian 2024'!F166+'Harian 2024'!F179+'Harian 2024'!F192+'Harian 2024'!F205+'Harian 2024'!F218+'Harian 2024'!F231+'Harian 2024'!F244+'Harian 2024'!F270+'Harian 2024'!F283+'Harian 2024'!F296+'Harian 2024'!F309+'Harian 2024'!F322+'Harian 2024'!F335+'Harian 2024'!F348+'Harian 2024'!F361+'Harian 2024'!F374+'Harian 2024'!F387+'Harian 2024'!F400 -> 240 | G10: ='Harian 2024'!G10+'Harian 2024'!G23+'Harian 2024'!G36+'Harian 2024'!G49+'Harian 2024'!G62+'Harian 2024'!G75+'Harian 2024'!G88+'Harian 2024'!G101+'Harian 2024'!G114+'Harian 2024'!G127+'Harian 2024'!G140+'Harian 2024'!G153+'Harian 2024'!G166+'Harian 2024'!G179+'Harian 2024'!G192+'Harian 2024'!G205+'Harian 2024'!G218+'Harian 2024'!G231+'Harian 2024'!G244+'Harian 2024'!G270+'Harian 2024'!G283+'Harian 2024'!G296+'Harian 2024'!G309+'Harian 2024'!G322+'Harian 2024'!G335+'Harian 2024'!G348+'Harian 2024'!G361+'Harian 2024'!G374+'Harian 2024'!G387+'Harian 2024'!G400 -> 706 | H10: ='Harian 2024'!H10+'Harian 2024'!H23+'Harian 2024'!H36+'Harian 2024'!H49+'Harian 2024'!H62+'Harian 2024'!H75+'Harian 2024'!H88+'Harian 2024'!H101+'Harian 2024'!H114+'Harian 2024'!H127+'Harian 2024'!H140+'Harian 2024'!H153+'Harian 2024'!H166+'Harian 2024'!H179+'Harian 2024'!H192+'Harian 2024'!H205+'Harian 2024'!H218+'Harian 2024'!H231+'Harian 2024'!H244+'Harian 2024'!H270+'Harian 2024'!H283+'Harian 2024'!H296+'Harian 2024'!H309+'Harian 2024'!H322+'Harian 2024'!H335+'Harian 2024'!H348+'Harian 2024'!H361+'Harian 2024'!H374+'Harian 2024'!H387+'Harian 2024'!H400 -> 814 | I10: ='Harian 2024'!I10+'Harian 2024'!I23+'Harian 2024'!I36+'Harian 2024'!I49+'Harian 2024'!I62+'Harian 2024'!I75+'Harian 2024'!I88+'Harian 2024'!I101+'Harian 2024'!I114+'Harian 2024'!I127+'Harian 2024'!I140+'Harian 2024'!I153+'Harian 2024'!I166+'Harian 2024'!I179+'Harian 2024'!I192+'Harian 2024'!I205+'Harian 2024'!I218+'Harian 2024'!I231+'Harian 2024'!I244+'Harian 2024'!I270+'Harian 2024'!I283+'Harian 2024'!I296+'Harian 2024'!I309+'Harian 2024'!I322+'Harian 2024'!I335+'Harian 2024'!I348+'Harian 2024'!I361+'Harian 2024'!I374+'Harian 2024'!I387+'Harian 2024'!I400 -> 934 | J10: ='Harian 2024'!J10+'Harian 2024'!J23+'Harian 2024'!J36+'Harian 2024'!J49+'Harian 2024'!J62+'Harian 2024'!J75+'Harian 2024'!J88+'Harian 2024'!J101+'Harian 2024'!J114+'Harian 2024'!J127+'Harian 2024'!J140+'Harian 2024'!J153+'Harian 2024'!J166+'Harian 2024'!J179+'Harian 2024'!J192+'Harian 2024'!J205+'Harian 2024'!J218+'Harian 2024'!J231+'Harian 2024'!J244+'Harian 2024'!J270+'Harian 2024'!J283+'Harian 2024'!J296+'Harian 2024'!J309+'Harian 2024'!J322+'Harian 2024'!J335+'Harian 2024'!J348+'Harian 2024'!J361+'Harian 2024'!J374+'Harian 2024'!J387+'Harian 2024'!J400 -> 900 | K10: ='Harian 2024'!K10+'Harian 2024'!K23+'Harian 2024'!K36+'Harian 2024'!K49+'Harian 2024'!K62+'Harian 2024'!K75+'Harian 2024'!K88+'Harian 2024'!K101+'Harian 2024'!K114+'Harian 2024'!K127+'Harian 2024'!K140+'Harian 2024'!K153+'Harian 2024'!K166+'Harian 2024'!K179+'Harian 2024'!K192+'Harian 2024'!K205+'Harian 2024'!K218+'Harian 2024'!K231+'Harian 2024'!K244+'Harian 2024'!K270+'Harian 2024'!K283+'Harian 2024'!K296+'Harian 2024'!K309+'Harian 2024'!K322+'Harian 2024'!K335+'Harian 2024'!K348+'Harian 2024'!K361+'Harian 2024'!K374+'Harian 2024'!K387+'Harian 2024'!K400 -> 921 | ... U10: ='Harian 2024'!U10+'Harian 2024'!U23+'Harian 2024'!U36+'Harian 2024'!U49+'Harian 2024'!U62+'Harian 2024'!U75+'Harian 2024'!U88+'Harian 2024'!U101+'Harian 2024'!U114+'Harian 2024'!U127+'Harian 2024'!U140+'Harian 2024'!U153+'Harian 2024'!U166+'Harian 2024'!U179+'Harian 2024'!U192+'Harian 2024'!U205+'Harian 2024'!U218+'Harian 2024'!U231+'Harian 2024'!U244+'Harian 2024'!U270+'Harian 2024'!U283+'Harian 2024'!U296+'Harian 2024'!U309+'Harian 2024'!U322+'Harian 2024'!U335+'Harian 2024'!U348+'Harian 2024'!U361+'Harian 2024'!U374+'Harian 2024'!U387+'Harian 2024'!U400 -> 6180 | V10: =U10 -> 6180 | W10: =U10-V10 -> 0
C11: SLOP | D11: ='Harian 2024'!D11+'Harian 2024'!D24+'Harian 2024'!D37+'Harian 2024'!D50+'Harian 2024'!D63+'Harian 2024'!D76+'Harian 2024'!D89+'Harian 2024'!D102+'Harian 2024'!D115+'Harian 2024'!D128+'Harian 2024'!D141+'Harian 2024'!D154+'Harian 2024'!D167+'Harian 2024'!D180+'Harian 2024'!D193+'Harian 2024'!D206+'Harian 2024'!D219+'Harian 2024'!D232+'Harian 2024'!D245+'Harian 2024'!D271+'Harian 2024'!D284+'Harian 2024'!D297+'Harian 2024'!D310+'Harian 2024'!D323+'Harian 2024'!D336+'Harian 2024'!D349+'Harian 2024'!D362+'Harian 2024'!D375+'Harian 2024'!D388+'Harian 2024'!D401 -> 161 | E11: ='Harian 2024'!E11+'Harian 2024'!E24+'Harian 2024'!E37+'Harian 2024'!E50+'Harian 2024'!E63+'Harian 2024'!E76+'Harian 2024'!E89+'Harian 2024'!E102+'Harian 2024'!E115+'Harian 2024'!E128+'Harian 2024'!E141+'Harian 2024'!E154+'Harian 2024'!E167+'Harian 2024'!E180+'Harian 2024'!E193+'Harian 2024'!E206+'Harian 2024'!E219+'Harian 2024'!E232+'Harian 2024'!E245+'Harian 2024'!E271+'Harian 2024'!E284+'Harian 2024'!E297+'Harian 2024'!E310+'Harian 2024'!E323+'Harian 2024'!E336+'Harian 2024'!E349+'Harian 2024'!E362+'Harian 2024'!E375+'Harian 2024'!E388+'Harian 2024'!E401 -> 327 | F11: ='Harian 2024'!F11+'Harian 2024'!F24+'Harian 2024'!F37+'Harian 2024'!F50+'Harian 2024'!F63+'Harian 2024'!F76+'Harian 2024'!F89+'Harian 2024'!F102+'Harian 2024'!F115+'Harian 2024'!F128+'Harian 2024'!F141+'Harian 2024'!F154+'Harian 2024'!F167+'Harian 2024'!F180+'Harian 2024'!F193+'Harian 2024'!F206+'Harian 2024'!F219+'Harian 2024'!F232+'Harian 2024'!F245+'Harian 2024'!F271+'Harian 2024'!F284+'Harian 2024'!F297+'Harian 2024'!F310+'Harian 2024'!F323+'Harian 2024'!F336+'Harian 2024'!F349+'Harian 2024'!F362+'Harian 2024'!F375+'Harian 2024'!F388+'Harian 2024'!F401 -> 232 | G11: ='Harian 2024'!G11+'Harian 2024'!G24+'Harian 2024'!G37+'Harian 2024'!G50+'Harian 2024'!G63+'Harian 2024'!G76+'Harian 2024'!G89+'Harian 2024'!G102+'Harian 2024'!G115+'Harian 2024'!G128+'Harian 2024'!G141+'Harian 2024'!G154+'Harian 2024'!G167+'Harian 2024'!G180+'Harian 2024'!G193+'Harian 2024'!G206+'Harian 2024'!G219+'Harian 2024'!G232+'Harian 2024'!G245+'Harian 2024'!G271+'Harian 2024'!G284+'Harian 2024'!G297+'Harian 2024'!G310+'Harian 2024'!G323+'Harian 2024'!G336+'Harian 2024'!G349+'Harian 2024'!G362+'Harian 2024'!G375+'Harian 2024'!G388+'Harian 2024'!G401 -> 720 | H11: ='Harian 2024'!H11+'Harian 2024'!H24+'Harian 2024'!H37+'Harian 2024'!H50+'Harian 2024'!H63+'Harian 2024'!H76+'Harian 2024'!H89+'Harian 2024'!H102+'Harian 2024'!H115+'Harian 2024'!H128+'Harian 2024'!H141+'Harian 2024'!H154+'Harian 2024'!H167+'Harian 2024'!H180+'Harian 2024'!H193+'Harian 2024'!H206+'Harian 2024'!H219+'Harian 2024'!H232+'Harian 2024'!H245+'Harian 2024'!H271+'Harian 2024'!H284+'Harian 2024'!H297+'Harian 2024'!H310+'Harian 2024'!H323+'Harian 2024'!H336+'Harian 2024'!H349+'Harian 2024'!H362+'Harian 2024'!H375+'Harian 2024'!H388+'Harian 2024'!H401 -> 884 | I11: ='Harian 2024'!I11+'Harian 2024'!I24+'Harian 2024'!I37+'Harian 2024'!I50+'Harian 2024'!I63+'Harian 2024'!I76+'Harian 2024'!I89+'Harian 2024'!I102+'Harian 2024'!I115+'Harian 2024'!I128+'Harian 2024'!I141+'Harian 2024'!I154+'Harian 2024'!I167+'Harian 2024'!I180+'Harian 2024'!I193+'Harian 2024'!I206+'Harian 2024'!I219+'Harian 2024'!I232+'Harian 2024'!I245+'Harian 2024'!I271+'Harian 2024'!I284+'Harian 2024'!I297+'Harian 2024'!I310+'Harian 2024'!I323+'Harian 2024'!I336+'Harian 2024'!I349+'Harian 2024'!I362+'Harian 2024'!I375+'Harian 2024'!I388+'Harian 2024'!I401 -> 960 | J11: ='Harian 2024'!J11+'Harian 2024'!J24+'Harian 2024'!J37+'Harian 2024'!J50+'Harian 2024'!J63+'Harian 2024'!J76+'Harian 2024'!J89+'Harian 2024'!J102+'Harian 2024'!J115+'Harian 2024'!J128+'Harian 2024'!J141+'Harian 2024'!J154+'Harian 2024'!J167+'Harian 2024'!J180+'Harian 2024'!J193+'Harian 2024'!J206+'Harian 2024'!J219+'Harian 2024'!J232+'Harian 2024'!J245+'Harian 2024'!J271+'Harian 2024'!J284+'Harian 2024'!J297+'Harian 2024'!J310+'Harian 2024'!J323+'Harian 2024'!J336+'Harian 2024'!J349+'Harian 2024'!J362+'Harian 2024'!J375+'Harian 2024'!J388+'Harian 2024'!J401 -> 942 | K11: ='Harian 2024'!K11+'Harian 2024'!K24+'Harian 2024'!K37+'Harian 2024'!K50+'Harian 2024'!K63+'Harian 2024'!K76+'Harian 2024'!K89+'Harian 2024'!K102+'Harian 2024'!K115+'Harian 2024'!K128+'Harian 2024'!K141+'Harian 2024'!K154+'Harian 2024'!K167+'Harian 2024'!K180+'Harian 2024'!K193+'Harian 2024'!K206+'Harian 2024'!K219+'Harian 2024'!K232+'Harian 2024'!K245+'Harian 2024'!K271+'Harian 2024'!K284+'Harian 2024'!K297+'Harian 2024'!K310+'Harian 2024'!K323+'Harian 2024'!K336+'Harian 2024'!K349+'Harian 2024'!K362+'Harian 2024'!K375+'Harian 2024'!K388+'Harian 2024'!K401 -> 957 | ... U11: ='Harian 2024'!U11+'Harian 2024'!U24+'Harian 2024'!U37+'Harian 2024'!U50+'Harian 2024'!U63+'Harian 2024'!U76+'Harian 2024'!U89+'Harian 2024'!U102+'Harian 2024'!U115+'Harian 2024'!U128+'Harian 2024'!U141+'Harian 2024'!U154+'Harian 2024'!U167+'Harian 2024'!U180+'Harian 2024'!U193+'Harian 2024'!U206+'Harian 2024'!U219+'Harian 2024'!U232+'Harian 2024'!U245+'Harian 2024'!U271+'Harian 2024'!U284+'Harian 2024'!U297+'Harian 2024'!U310+'Harian 2024'!U323+'Harian 2024'!U336+'Harian 2024'!U349+'Harian 2024'!U362+'Harian 2024'!U375+'Harian 2024'!U388+'Harian 2024'!U401 -> 6215 | V11: =U11 -> 6215 | W11: =U11-V11 -> 0
C12: STIK | D12: ='Harian 2024'!D12+'Harian 2024'!D25+'Harian 2024'!D38+'Harian 2024'!D51+'Harian 2024'!D64+'Harian 2024'!D77+'Harian 2024'!D90+'Harian 2024'!D103+'Harian 2024'!D116+'Harian 2024'!D129+'Harian 2024'!D142+'Harian 2024'!D155+'Harian 2024'!D168+'Harian 2024'!D181+'Harian 2024'!D194+'Harian 2024'!D207+'Harian 2024'!D220+'Harian 2024'!D233+'Harian 2024'!D246+'Harian 2024'!D272+'Harian 2024'!D285+'Harian 2024'!D298+'Harian 2024'!D311+'Harian 2024'!D324+'Harian 2024'!D337+'Harian 2024'!D350+'Harian 2024'!D363+'Harian 2024'!D376+'Harian 2024'!D389+'Harian 2024'!D402 -> 124 | E12: ='Harian 2024'!E12+'Harian 2024'!E25+'Harian 2024'!E38+'Harian 2024'!E51+'Harian 2024'!E64+'Harian 2024'!E77+'Harian 2024'!E90+'Harian 2024'!E103+'Harian 2024'!E116+'Harian 2024'!E129+'Harian 2024'!E142+'Harian 2024'!E155+'Harian 2024'!E168+'Harian 2024'!E181+'Harian 2024'!E194+'Harian 2024'!E207+'Harian 2024'!E220+'Harian 2024'!E233+'Harian 2024'!E246+'Harian 2024'!E272+'Harian 2024'!E285+'Harian 2024'!E298+'Harian 2024'!E311+'Harian 2024'!E324+'Harian 2024'!E337+'Harian 2024'!E350+'Harian 2024'!E363+'Harian 2024'!E376+'Harian 2024'!E389+'Harian 2024'!E402 -> 309 | F12: ='Harian 2024'!F12+'Harian 2024'!F25+'Harian 2024'!F38+'Harian 2024'!F51+'Harian 2024'!F64+'Harian 2024'!F77+'Harian 2024'!F90+'Harian 2024'!F103+'Harian 2024'!F116+'Harian 2024'!F129+'Harian 2024'!F142+'Harian 2024'!F155+'Harian 2024'!F168+'Harian 2024'!F181+'Harian 2024'!F194+'Harian 2024'!F207+'Harian 2024'!F220+'Harian 2024'!F233+'Harian 2024'!F246+'Harian 2024'!F272+'Harian 2024'!F285+'Harian 2024'!F298+'Harian 2024'!F311+'Harian 2024'!F324+'Harian 2024'!F337+'Harian 2024'!F350+'Harian 2024'!F363+'Harian 2024'!F376+'Harian 2024'!F389+'Harian 2024'!F402 -> 203 | G12: ='Harian 2024'!G12+'Harian 2024'!G25+'Harian 2024'!G38+'Harian 2024'!G51+'Harian 2024'!G64+'Harian 2024'!G77+'Harian 2024'!G90+'Harian 2024'!G103+'Harian 2024'!G116+'Harian 2024'!G129+'Harian 2024'!G142+'Harian 2024'!G155+'Harian 2024'!G168+'Harian 2024'!G181+'Harian 2024'!G194+'Harian 2024'!G207+'Harian 2024'!G220+'Harian 2024'!G233+'Harian 2024'!G246+'Harian 2024'!G272+'Harian 2024'!G285+'Harian 2024'!G298+'Harian 2024'!G311+'Harian 2024'!G324+'Harian 2024'!G337+'Harian 2024'!G350+'Harian 2024'!G363+'Harian 2024'!G376+'Harian 2024'!G389+'Harian 2024'!G402 -> 4 | H12: ='Harian 2024'!H12+'Harian 2024'!H25+'Harian 2024'!H38+'Harian 2024'!H51+'Harian 2024'!H64+'Harian 2024'!H77+'Harian 2024'!H90+'Harian 2024'!H103+'Harian 2024'!H116+'Harian 2024'!H129+'Harian 2024'!H142+'Harian 2024'!H155+'Harian 2024'!H168+'Harian 2024'!H181+'Harian 2024'!H194+'Harian 2024'!H207+'Harian 2024'!H220+'Harian 2024'!H233+'Harian 2024'!H246+'Harian 2024'!H272+'Harian 2024'!H285+'Harian 2024'!H298+'Harian 2024'!H311+'Harian 2024'!H324+'Harian 2024'!H337+'Harian 2024'!H350+'Harian 2024'!H363+'Harian 2024'!H376+'Harian 2024'!H389+'Harian 2024'!H402 -> 0 | I12: ='Harian 2024'!I12+'Harian 2024'!I25+'Harian 2024'!I38+'Harian 2024'!I51+'Harian 2024'!I64+'Harian 2024'!I77+'Harian 2024'!I90+'Harian 2024'!I103+'Harian 2024'!I116+'Harian 2024'!I129+'Harian 2024'!I142+'Harian 2024'!I155+'Harian 2024'!I168+'Harian 2024'!I181+'Harian 2024'!I194+'Harian 2024'!I207+'Harian 2024'!I220+'Harian 2024'!I233+'Harian 2024'!I246+'Harian 2024'!I272+'Harian 2024'!I285+'Harian 2024'!I298+'Harian 2024'!I311+'Harian 2024'!I324+'Harian 2024'!I337+'Harian 2024'!I350+'Harian 2024'!I363+'Harian 2024'!I376+'Harian 2024'!I389+'Harian 2024'!I402 -> 0 | J12: ='Harian 2024'!J12+'Harian 2024'!J25+'Harian 2024'!J38+'Harian 2024'!J51+'Harian 2024'!J64+'Harian 2024'!J77+'Harian 2024'!J90+'Harian 2024'!J103+'Harian 2024'!J116+'Harian 2024'!J129+'Harian 2024'!J142+'Harian 2024'!J155+'Harian 2024'!J168+'Harian 2024'!J181+'Harian 2024'!J194+'Harian 2024'!J207+'Harian 2024'!J220+'Harian 2024'!J233+'Harian 2024'!J246+'Harian 2024'!J272+'Harian 2024'!J285+'Harian 2024'!J298+'Harian 2024'!J311+'Harian 2024'!J324+'Harian 2024'!J337+'Harian 2024'!J350+'Harian 2024'!J363+'Harian 2024'!J376+'Harian 2024'!J389+'Harian 2024'!J402 -> 0 | K12: ='Harian 2024'!K12+'Harian 2024'!K25+'Harian 2024'!K38+'Harian 2024'!K51+'Harian 2024'!K64+'Harian 2024'!K77+'Harian 2024'!K90+'Harian 2024'!K103+'Harian 2024'!K116+'Harian 2024'!K129+'Harian 2024'!K142+'Harian 2024'!K155+'Harian 2024'!K168+'Harian 2024'!K181+'Harian 2024'!K194+'Harian 2024'!K207+'Harian 2024'!K220+'Harian 2024'!K233+'Harian 2024'!K246+'Harian 2024'!K272+'Harian 2024'!K285+'Harian 2024'!K298+'Harian 2024'!K311+'Harian 2024'!K324+'Harian 2024'!K337+'Harian 2024'!K350+'Harian 2024'!K363+'Harian 2024'!K376+'Harian 2024'!K389+'Harian 2024'!K402 -> 0 | ... U12: ='Harian 2024'!U12+'Harian 2024'!U25+'Harian 2024'!U38+'Harian 2024'!U51+'Harian 2024'!U64+'Harian 2024'!U77+'Harian 2024'!U90+'Harian 2024'!U103+'Harian 2024'!U116+'Harian 2024'!U129+'Harian 2024'!U142+'Harian 2024'!U155+'Harian 2024'!U168+'Harian 2024'!U181+'Harian 2024'!U194+'Harian 2024'!U207+'Harian 2024'!U220+'Harian 2024'!U233+'Harian 2024'!U246+'Harian 2024'!U272+'Harian 2024'!U285+'Harian 2024'!U298+'Harian 2024'!U311+'Harian 2024'!U324+'Harian 2024'!U337+'Harian 2024'!U350+'Harian 2024'!U363+'Harian 2024'!U376+'Harian 2024'!U389+'Harian 2024'!U402 -> 826 | V12: =U12 -> 826 | W12: =U12-V12 -> 0
C13: PERLAK | D13: ='Harian 2024'!D13+'Harian 2024'!D26+'Harian 2024'!D39+'Harian 2024'!D52+'Harian 2024'!D65+'Harian 2024'!D78+'Harian 2024'!D91+'Harian 2024'!D104+'Harian 2024'!D117+'Harian 2024'!D130+'Harian 2024'!D143+'Harian 2024'!D156+'Harian 2024'!D169+'Harian 2024'!D182+'Harian 2024'!D195+'Harian 2024'!D208+'Harian 2024'!D221+'Harian 2024'!D234+'Harian 2024'!D247+'Harian 2024'!D273+'Harian 2024'!D286+'Harian 2024'!D299+'Harian 2024'!D312+'Harian 2024'!D325+'Harian 2024'!D338+'Harian 2024'!D351+'Harian 2024'!D364+'Harian 2024'!D377+'Harian 2024'!D390+'Harian 2024'!D403 -> 93 | E13: ='Harian 2024'!E13+'Harian 2024'!E26+'Harian 2024'!E39+'Harian 2024'!E52+'Harian 2024'!E65+'Harian 2024'!E78+'Harian 2024'!E91+'Harian 2024'!E104+'Harian 2024'!E117+'Harian 2024'!E130+'Harian 2024'!E143+'Harian 2024'!E156+'Harian 2024'!E169+'Harian 2024'!E182+'Harian 2024'!E195+'Harian 2024'!E208+'Harian 2024'!E221+'Harian 2024'!E234+'Harian 2024'!E247+'Harian 2024'!E273+'Harian 2024'!E286+'Harian 2024'!E299+'Harian 2024'!E312+'Harian 2024'!E325+'Harian 2024'!E338+'Harian 2024'!E351+'Harian 2024'!E364+'Harian 2024'!E377+'Harian 2024'!E390+'Harian 2024'!E403 -> 213 | F13: ='Harian 2024'!F13+'Harian 2024'!F26+'Harian 2024'!F39+'Harian 2024'!F52+'Harian 2024'!F65+'Harian 2024'!F78+'Harian 2024'!F91+'Harian 2024'!F104+'Harian 2024'!F117+'Harian 2024'!F130+'Harian 2024'!F143+'Harian 2024'!F156+'Harian 2024'!F169+'Harian 2024'!F182+'Harian 2024'!F195+'Harian 2024'!F208+'Harian 2024'!F221+'Harian 2024'!F234+'Harian 2024'!F247+'Harian 2024'!F273+'Harian 2024'!F286+'Harian 2024'!F299+'Harian 2024'!F312+'Harian 2024'!F325+'Harian 2024'!F338+'Harian 2024'!F351+'Harian 2024'!F364+'Harian 2024'!F377+'Harian 2024'!F390+'Harian 2024'!F403 -> 151 | G13: ='Harian 2024'!G13+'Harian 2024'!G26+'Harian 2024'!G39+'Harian 2024'!G52+'Harian 2024'!G65+'Harian 2024'!G78+'Harian 2024'!G91+'Harian 2024'!G104+'Harian 2024'!G117+'Harian 2024'!G130+'Harian 2024'!G143+'Harian 2024'!G156+'Harian 2024'!G169+'Harian 2024'!G182+'Harian 2024'!G195+'Harian 2024'!G208+'Harian 2024'!G221+'Harian 2024'!G234+'Harian 2024'!G247+'Harian 2024'!G273+'Harian 2024'!G286+'Harian 2024'!G299+'Harian 2024'!G312+'Harian 2024'!G325+'Harian 2024'!G338+'Harian 2024'!G351+'Harian 2024'!G364+'Harian 2024'!G377+'Harian 2024'!G390+'Harian 2024'!G403 -> 2 | H13: ='Harian 2024'!H13+'Harian 2024'!H26+'Harian 2024'!H39+'Harian 2024'!H52+'Harian 2024'!H65+'Harian 2024'!H78+'Harian 2024'!H91+'Harian 2024'!H104+'Harian 2024'!H117+'Harian 2024'!H130+'Harian 2024'!H143+'Harian 2024'!H156+'Harian 2024'!H169+'Harian 2024'!H182+'Harian 2024'!H195+'Harian 2024'!H208+'Harian 2024'!H221+'Harian 2024'!H234+'Harian 2024'!H247+'Harian 2024'!H273+'Harian 2024'!H286+'Harian 2024'!H299+'Harian 2024'!H312+'Harian 2024'!H325+'Harian 2024'!H338+'Harian 2024'!H351+'Harian 2024'!H364+'Harian 2024'!H377+'Harian 2024'!H390+'Harian 2024'!H403 -> 0 | I13: ='Harian 2024'!I13+'Harian 2024'!I26+'Harian 2024'!I39+'Harian 2024'!I52+'Harian 2024'!I65+'Harian 2024'!I78+'Harian 2024'!I91+'Harian 2024'!I104+'Harian 2024'!I117+'Harian 2024'!I130+'Harian 2024'!I143+'Harian 2024'!I156+'Harian 2024'!I169+'Harian 2024'!I182+'Harian 2024'!I195+'Harian 2024'!I208+'Harian 2024'!I221+'Harian 2024'!I234+'Harian 2024'!I247+'Harian 2024'!I273+'Harian 2024'!I286+'Harian 2024'!I299+'Harian 2024'!I312+'Harian 2024'!I325+'Harian 2024'!I338+'Harian 2024'!I351+'Harian 2024'!I364+'Harian 2024'!I377+'Harian 2024'!I390+'Harian 2024'!I403 -> 0 | J13: ='Harian 2024'!J13+'Harian 2024'!J26+'Harian 2024'!J39+'Harian 2024'!J52+'Harian 2024'!J65+'Harian 2024'!J78+'Harian 2024'!J91+'Harian 2024'!J104+'Harian 2024'!J117+'Harian 2024'!J130+'Harian 2024'!J143+'Harian 2024'!J156+'Harian 2024'!J169+'Harian 2024'!J182+'Harian 2024'!J195+'Harian 2024'!J208+'Harian 2024'!J221+'Harian 2024'!J234+'Harian 2024'!J247+'Harian 2024'!J273+'Harian 2024'!J286+'Harian 2024'!J299+'Harian 2024'!J312+'Harian 2024'!J325+'Harian 2024'!J338+'Harian 2024'!J351+'Harian 2024'!J364+'Harian 2024'!J377+'Harian 2024'!J390+'Harian 2024'!J403 -> 0 | K13: ='Harian 2024'!K13+'Harian 2024'!K26+'Harian 2024'!K39+'Harian 2024'!K52+'Harian 2024'!K65+'Harian 2024'!K78+'Harian 2024'!K91+'Harian 2024'!K104+'Harian 2024'!K117+'Harian 2024'!K130+'Harian 2024'!K143+'Harian 2024'!K156+'Harian 2024'!K169+'Harian 2024'!K182+'Harian 2024'!K195+'Harian 2024'!K208+'Harian 2024'!K221+'Harian 2024'!K234+'Harian 2024'!K247+'Harian 2024'!K273+'Harian 2024'!K286+'Harian 2024'!K299+'Harian 2024'!K312+'Harian 2024'!K325+'Harian 2024'!K338+'Harian 2024'!K351+'Harian 2024'!K364+'Harian 2024'!K377+'Harian 2024'!K390+'Harian 2024'!K403 -> 0 | ... U13: ='Harian 2024'!U13+'Harian 2024'!U26+'Harian 2024'!U39+'Harian 2024'!U52+'Harian 2024'!U65+'Harian 2024'!U78+'Harian 2024'!U91+'Harian 2024'!U104+'Harian 2024'!U117+'Harian 2024'!U130+'Harian 2024'!U143+'Harian 2024'!U156+'Harian 2024'!U169+'Harian 2024'!U182+'Harian 2024'!U195+'Harian 2024'!U208+'Harian 2024'!U221+'Harian 2024'!U234+'Harian 2024'!U247+'Harian 2024'!U273+'Harian 2024'!U286+'Harian 2024'!U299+'Harian 2024'!U312+'Harian 2024'!U325+'Harian 2024'!U338+'Harian 2024'!U351+'Harian 2024'!U364+'Harian 2024'!U377+'Harian 2024'!U390+'Harian 2024'!U403 -> 657 | V13: =U13 -> 657 | W13: =U13-V13 -> 0
C14: DLL | D14: ='Harian 2024'!D14+'Harian 2024'!D27+'Harian 2024'!D40+'Harian 2024'!D53+'Harian 2024'!D66+'Harian 2024'!D79+'Harian 2024'!D92+'Harian 2024'!D105+'Harian 2024'!D118+'Harian 2024'!D131+'Harian 2024'!D144+'Harian 2024'!D157+'Harian 2024'!D170+'Harian 2024'!D183+'Harian 2024'!D196+'Harian 2024'!D209+'Harian 2024'!D222+'Harian 2024'!D235+'Harian 2024'!D248+'Harian 2024'!D274+'Harian 2024'!D287+'Harian 2024'!D300+'Harian 2024'!D313+'Harian 2024'!D326+'Harian 2024'!D339+'Harian 2024'!D352+'Harian 2024'!D365+'Harian 2024'!D378+'Harian 2024'!D391+'Harian 2024'!D404 -> 25 | E14: ='Harian 2024'!E14+'Harian 2024'!E27+'Harian 2024'!E40+'Harian 2024'!E53+'Harian 2024'!E66+'Harian 2024'!E79+'Harian 2024'!E92+'Harian 2024'!E105+'Harian 2024'!E118+'Harian 2024'!E131+'Harian 2024'!E144+'Harian 2024'!E157+'Harian 2024'!E170+'Harian 2024'!E183+'Harian 2024'!E196+'Harian 2024'!E209+'Harian 2024'!E222+'Harian 2024'!E235+'Harian 2024'!E248+'Harian 2024'!E274+'Harian 2024'!E287+'Harian 2024'!E300+'Harian 2024'!E313+'Harian 2024'!E326+'Harian 2024'!E339+'Harian 2024'!E352+'Harian 2024'!E365+'Harian 2024'!E378+'Harian 2024'!E391+'Harian 2024'!E404 -> 75 | F14: ='Harian 2024'!F14+'Harian 2024'!F27+'Harian 2024'!F40+'Harian 2024'!F53+'Harian 2024'!F66+'Harian 2024'!F79+'Harian 2024'!F92+'Harian 2024'!F105+'Harian 2024'!F118+'Harian 2024'!F131+'Harian 2024'!F144+'Harian 2024'!F157+'Harian 2024'!F170+'Harian 2024'!F183+'Harian 2024'!F196+'Harian 2024'!F209+'Harian 2024'!F222+'Harian 2024'!F235+'Harian 2024'!F248+'Harian 2024'!F274+'Harian 2024'!F287+'Harian 2024'!F300+'Harian 2024'!F313+'Harian 2024'!F326+'Harian 2024'!F339+'Harian 2024'!F352+'Harian 2024'!F365+'Harian 2024'!F378+'Harian 2024'!F391+'Harian 2024'!F404 -> 42 | G14: ='Harian 2024'!G14+'Harian 2024'!G27+'Harian 2024'!G40+'Harian 2024'!G53+'Harian 2024'!G66+'Harian 2024'!G79+'Harian 2024'!G92+'Harian 2024'!G105+'Harian 2024'!G118+'Harian 2024'!G131+'Harian 2024'!G144+'Harian 2024'!G157+'Harian 2024'!G170+'Harian 2024'!G183+'Harian 2024'!G196+'Harian 2024'!G209+'Harian 2024'!G222+'Harian 2024'!G235+'Harian 2024'!G248+'Harian 2024'!G274+'Harian 2024'!G287+'Harian 2024'!G300+'Harian 2024'!G313+'Harian 2024'!G326+'Harian 2024'!G339+'Harian 2024'!G352+'Harian 2024'!G365+'Harian 2024'!G378+'Harian 2024'!G391+'Harian 2024'!G404 -> 252 | H14: ='Harian 2024'!H14+'Harian 2024'!H27+'Harian 2024'!H40+'Harian 2024'!H53+'Harian 2024'!H66+'Harian 2024'!H79+'Harian 2024'!H92+'Harian 2024'!H105+'Harian 2024'!H118+'Harian 2024'!H131+'Harian 2024'!H144+'Harian 2024'!H157+'Harian 2024'!H170+'Harian 2024'!H183+'Harian 2024'!H196+'Harian 2024'!H209+'Harian 2024'!H222+'Harian 2024'!H235+'Harian 2024'!H248+'Harian 2024'!H274+'Harian 2024'!H287+'Harian 2024'!H300+'Harian 2024'!H313+'Harian 2024'!H326+'Harian 2024'!H339+'Harian 2024'!H352+'Harian 2024'!H365+'Harian 2024'!H378+'Harian 2024'!H391+'Harian 2024'!H404 -> 429 | I14: ='Harian 2024'!I14+'Harian 2024'!I27+'Harian 2024'!I40+'Harian 2024'!I53+'Harian 2024'!I66+'Harian 2024'!I79+'Harian 2024'!I92+'Harian 2024'!I105+'Harian 2024'!I118+'Harian 2024'!I131+'Harian 2024'!I144+'Harian 2024'!I157+'Harian 2024'!I170+'Harian 2024'!I183+'Harian 2024'!I196+'Harian 2024'!I209+'Harian 2024'!I222+'Harian 2024'!I235+'Harian 2024'!I248+'Harian 2024'!I274+'Harian 2024'!I287+'Harian 2024'!I300+'Harian 2024'!I313+'Harian 2024'!I326+'Harian 2024'!I339+'Harian 2024'!I352+'Harian 2024'!I365+'Harian 2024'!I378+'Harian 2024'!I391+'Harian 2024'!I404 -> 297 | J14: ='Harian 2024'!J14+'Harian 2024'!J27+'Harian 2024'!J40+'Harian 2024'!J53+'Harian 2024'!J66+'Harian 2024'!J79+'Harian 2024'!J92+'Harian 2024'!J105+'Harian 2024'!J118+'Harian 2024'!J131+'Harian 2024'!J144+'Harian 2024'!J157+'Harian 2024'!J170+'Harian 2024'!J183+'Harian 2024'!J196+'Harian 2024'!J209+'Harian 2024'!J222+'Harian 2024'!J235+'Harian 2024'!J248+'Harian 2024'!J274+'Harian 2024'!J287+'Harian 2024'!J300+'Harian 2024'!J313+'Harian 2024'!J326+'Harian 2024'!J339+'Harian 2024'!J352+'Harian 2024'!J365+'Harian 2024'!J378+'Harian 2024'!J391+'Harian 2024'!J404 -> 309 | K14: ='Harian 2024'!K14+'Harian 2024'!K27+'Harian 2024'!K40+'Harian 2024'!K53+'Harian 2024'!K66+'Harian 2024'!K79+'Harian 2024'!K92+'Harian 2024'!K105+'Harian 2024'!K118+'Harian 2024'!K131+'Harian 2024'!K144+'Harian 2024'!K157+'Harian 2024'!K170+'Harian 2024'!K183+'Harian 2024'!K196+'Harian 2024'!K209+'Harian 2024'!K222+'Harian 2024'!K235+'Harian 2024'!K248+'Harian 2024'!K274+'Harian 2024'!K287+'Harian 2024'!K300+'Harian 2024'!K313+'Harian 2024'!K326+'Harian 2024'!K339+'Harian 2024'!K352+'Harian 2024'!K365+'Harian 2024'!K378+'Harian 2024'!K391+'Harian 2024'!K404 -> 296 | ... U14: ='Harian 2024'!U14+'Harian 2024'!U27+'Harian 2024'!U40+'Harian 2024'!U53+'Harian 2024'!U66+'Harian 2024'!U79+'Harian 2024'!U92+'Harian 2024'!U105+'Harian 2024'!U118+'Harian 2024'!U131+'Harian 2024'!U144+'Harian 2024'!U157+'Harian 2024'!U170+'Harian 2024'!U183+'Harian 2024'!U196+'Harian 2024'!U209+'Harian 2024'!U222+'Harian 2024'!U235+'Harian 2024'!U248+'Harian 2024'!U274+'Harian 2024'!U287+'Harian 2024'!U300+'Harian 2024'!U313+'Harian 2024'!U326+'Harian 2024'!U339+'Harian 2024'!U352+'Harian 2024'!U365+'Harian 2024'!U378+'Harian 2024'!U391+'Harian 2024'!U404 -> 2687 | V14: =U14 -> 2687 | W14: =U14-V14 -> 0
C15: SUB JUMLAH | D15: =SUM(D6:D14) -> 734 | E15: =SUM(E6:E14) -> 1574 | F15: =SUM(F6:F14) -> 1083 | G15: =SUM(G6:G14) -> 4182 | H15: =SUM(H6:H14) -> 4953 | I15: =SUM(I6:I14) -> 5149 | J15: =SUM(J6:J14) -> 5110 | K15: =SUM(K6:K14) -> 5425 | ... U15: =SUM(U6:U14) -> 35968 | V15: =U15 -> 35968 | W15: =U15-V15 -> 0
A18: PENGELOLAAN LINEN INSTALASI LAUNDRY (POTONG)
A19: RSJD Dr RM SOEDJARWADI PROVINSI JAWA TENGAH
A20: BULAN FEBRUARI 2026
A22: NO | B22: BULAN | C22: JENIS LINEN | D22: =D5 -> ANGGREK | E22: =E5 -> BOUGENVIL | F22: =F5 -> CAMELIA II | G22: =G5 -> DEWANDARU | H22: =H5 -> EDELWEIS | I22: =I5 -> FLAMBOYAN | J22: =J5 -> GERANIUM | K22: =K5 -> HELIKONIA | ... U22: =U5 -> Ʃ Masuk | V22: Ʃ Kirim | W22: SELISIH
B23: FEBRUARI | C23: BAJU | D23: ='Harian 2024'!D419+'Harian 2024'!D432+'Harian 2024'!D445+'Harian 2024'!D458+'Harian 2024'!D471+'Harian 2024'!D484+'Harian 2024'!D497+'Harian 2024'!D510+'Harian 2024'!D523+'Harian 2024'!D536+'Harian 2024'!D549+'Harian 2024'!D562+'Harian 2024'!D575+'Harian 2024'!D588+'Harian 2024'!D601+'Harian 2024'!D614+'Harian 2024'!D627+'Harian 2024'!D640+'Harian 2024'!D653+'Harian 2024'!D666+'Harian 2024'!D679+'Harian 2024'!D692+'Harian 2024'!D705+'Harian 2024'!D718+'Harian 2024'!D731+'Harian 2024'!D744+'Harian 2024'!D757+'Harian 2024'!D770 -> 20 | E23: ='Harian 2024'!E419+'Harian 2024'!E432+'Harian 2024'!E445+'Harian 2024'!E458+'Harian 2024'!E471+'Harian 2024'!E484+'Harian 2024'!E497+'Harian 2024'!E510+'Harian 2024'!E523+'Harian 2024'!E536+'Harian 2024'!E549+'Harian 2024'!E562+'Harian 2024'!E575+'Harian 2024'!E588+'Harian 2024'!E601+'Harian 2024'!E614+'Harian 2024'!E627+'Harian 2024'!E640+'Harian 2024'!E653+'Harian 2024'!E666+'Harian 2024'!E679+'Harian 2024'!E692+'Harian 2024'!E705+'Harian 2024'!E718+'Harian 2024'!E731+'Harian 2024'!E744+'Harian 2024'!E757+'Harian 2024'!E770 -> 0 | F23: ='Harian 2024'!F419+'Harian 2024'!F432+'Harian 2024'!F445+'Harian 2024'!F458+'Harian 2024'!F471+'Harian 2024'!F484+'Harian 2024'!F497+'Harian 2024'!F510+'Harian 2024'!F523+'Harian 2024'!F536+'Harian 2024'!F549+'Harian 2024'!F562+'Harian 2024'!F575+'Harian 2024'!F588+'Harian 2024'!F601+'Harian 2024'!F614+'Harian 2024'!F627+'Harian 2024'!F640+'Harian 2024'!F653+'Harian 2024'!F666+'Harian 2024'!F679+'Harian 2024'!F692+'Harian 2024'!F705+'Harian 2024'!F718+'Harian 2024'!F731+'Harian 2024'!F744+'Harian 2024'!F757+'Harian 2024'!F770 -> 6 | G23: ='Harian 2024'!G419+'Harian 2024'!G432+'Harian 2024'!G445+'Harian 2024'!G458+'Harian 2024'!G471+'Harian 2024'!G484+'Harian 2024'!G497+'Harian 2024'!G510+'Harian 2024'!G523+'Harian 2024'!G536+'Harian 2024'!G549+'Harian 2024'!G562+'Harian 2024'!G575+'Harian 2024'!G588+'Harian 2024'!G601+'Harian 2024'!G614+'Harian 2024'!G627+'Harian 2024'!G640+'Harian 2024'!G653+'Harian 2024'!G666+'Harian 2024'!G679+'Harian 2024'!G692+'Harian 2024'!G705+'Harian 2024'!G718+'Harian 2024'!G731+'Harian 2024'!G744+'Harian 2024'!G757+'Harian 2024'!G770 -> 582 | H23: ='Harian 2024'!H419+'Harian 2024'!H432+'Harian 2024'!H445+'Harian 2024'!H458+'Harian 2024'!H471+'Harian 2024'!H484+'Harian 2024'!H497+'Harian 2024'!H510+'Harian 2024'!H523+'Harian 2024'!H536+'Harian 2024'!H549+'Harian 2024'!H562+'Harian 2024'!H575+'Harian 2024'!H588+'Harian 2024'!H601+'Harian 2024'!H614+'Harian 2024'!H627+'Harian 2024'!H640+'Harian 2024'!H653+'Harian 2024'!H666+'Harian 2024'!H679+'Harian 2024'!H692+'Harian 2024'!H705+'Harian 2024'!H718+'Harian 2024'!H731+'Harian 2024'!H744+'Harian 2024'!H757+'Harian 2024'!H770 -> 650 | I23: ='Harian 2024'!I419+'Harian 2024'!I432+'Harian 2024'!I445+'Harian 2024'!I458+'Harian 2024'!I471+'Harian 2024'!I484+'Harian 2024'!I497+'Harian 2024'!I510+'Harian 2024'!I523+'Harian 2024'!I536+'Harian 2024'!I549+'Harian 2024'!I562+'Harian 2024'!I575+'Harian 2024'!I588+'Harian 2024'!I601+'Harian 2024'!I614+'Harian 2024'!I627+'Harian 2024'!I640+'Harian 2024'!I653+'Harian 2024'!I666+'Harian 2024'!I679+'Harian 2024'!I692+'Harian 2024'!I705+'Harian 2024'!I718+'Harian 2024'!I731+'Harian 2024'!I744+'Harian 2024'!I757+'Harian 2024'!I770 -> 802 | J23: ='Harian 2024'!J419+'Harian 2024'!J432+'Harian 2024'!J445+'Harian 2024'!J458+'Harian 2024'!J471+'Harian 2024'!J484+'Harian 2024'!J497+'Harian 2024'!J510+'Harian 2024'!J523+'Harian 2024'!J536+'Harian 2024'!J549+'Harian 2024'!J562+'Harian 2024'!J575+'Harian 2024'!J588+'Harian 2024'!J601+'Harian 2024'!J614+'Harian 2024'!J627+'Harian 2024'!J640+'Harian 2024'!J653+'Harian 2024'!J666+'Harian 2024'!J679+'Harian 2024'!J692+'Harian 2024'!J705+'Harian 2024'!J718+'Harian 2024'!J731+'Harian 2024'!J744+'Harian 2024'!J757+'Harian 2024'!J770 -> 744 | K23: ='Harian 2024'!K419+'Harian 2024'!K432+'Harian 2024'!K445+'Harian 2024'!K458+'Harian 2024'!K471+'Harian 2024'!K484+'Harian 2024'!K497+'Harian 2024'!K510+'Harian 2024'!K523+'Harian 2024'!K536+'Harian 2024'!K549+'Harian 2024'!K562+'Harian 2024'!K575+'Harian 2024'!K588+'Harian 2024'!K601+'Harian 2024'!K614+'Harian 2024'!K627+'Harian 2024'!K640+'Harian 2024'!K653+'Harian 2024'!K666+'Harian 2024'!K679+'Harian 2024'!K692+'Harian 2024'!K705+'Harian 2024'!K718+'Harian 2024'!K731+'Harian 2024'!K744+'Harian 2024'!K757+'Harian 2024'!K770 -> 849 | ... U23: ='Harian 2024'!U419+'Harian 2024'!U432+'Harian 2024'!U445+'Harian 2024'!U458+'Harian 2024'!U471+'Harian 2024'!U484+'Harian 2024'!U497+'Harian 2024'!U510+'Harian 2024'!U523+'Harian 2024'!U536+'Harian 2024'!U549+'Harian 2024'!U562+'Harian 2024'!U575+'Harian 2024'!U588+'Harian 2024'!U601+'Harian 2024'!U614+'Harian 2024'!U627+'Harian 2024'!U640+'Harian 2024'!U653+'Harian 2024'!U666+'Harian 2024'!U679+'Harian 2024'!U692+'Harian 2024'!U705+'Harian 2024'!U718+'Harian 2024'!U731+'Harian 2024'!U744+'Harian 2024'!U757+'Harian 2024'!U770 -> 4898 | V23: =U23 -> 4898 | W23: =U23-V23 -> 0
C24: CELANA | D24: ='Harian 2024'!D420+'Harian 2024'!D433+'Harian 2024'!D446+'Harian 2024'!D459+'Harian 2024'!D472+'Harian 2024'!D485+'Harian 2024'!D498+'Harian 2024'!D511+'Harian 2024'!D524+'Harian 2024'!D537+'Harian 2024'!D550+'Harian 2024'!D563+'Harian 2024'!D576+'Harian 2024'!D589+'Harian 2024'!D602+'Harian 2024'!D615+'Harian 2024'!D628+'Harian 2024'!D641+'Harian 2024'!D654+'Harian 2024'!D667+'Harian 2024'!D680+'Harian 2024'!D693+'Harian 2024'!D706+'Harian 2024'!D719+'Harian 2024'!D732+'Harian 2024'!D745+'Harian 2024'!D758+'Harian 2024'!D771 -> 0 | E24: ='Harian 2024'!E420+'Harian 2024'!E433+'Harian 2024'!E446+'Harian 2024'!E459+'Harian 2024'!E472+'Harian 2024'!E485+'Harian 2024'!E498+'Harian 2024'!E511+'Harian 2024'!E524+'Harian 2024'!E537+'Harian 2024'!E550+'Harian 2024'!E563+'Harian 2024'!E576+'Harian 2024'!E589+'Harian 2024'!E602+'Harian 2024'!E615+'Harian 2024'!E628+'Harian 2024'!E641+'Harian 2024'!E654+'Harian 2024'!E667+'Harian 2024'!E680+'Harian 2024'!E693+'Harian 2024'!E706+'Harian 2024'!E719+'Harian 2024'!E732+'Harian 2024'!E745+'Harian 2024'!E758+'Harian 2024'!E771 -> 0 | F24: ='Harian 2024'!F420+'Harian 2024'!F433+'Harian 2024'!F446+'Harian 2024'!F459+'Harian 2024'!F472+'Harian 2024'!F485+'Harian 2024'!F498+'Harian 2024'!F511+'Harian 2024'!F524+'Harian 2024'!F537+'Harian 2024'!F550+'Harian 2024'!F563+'Harian 2024'!F576+'Harian 2024'!F589+'Harian 2024'!F602+'Harian 2024'!F615+'Harian 2024'!F628+'Harian 2024'!F641+'Harian 2024'!F654+'Harian 2024'!F667+'Harian 2024'!F680+'Harian 2024'!F693+'Harian 2024'!F706+'Harian 2024'!F719+'Harian 2024'!F732+'Harian 2024'!F745+'Harian 2024'!F758+'Harian 2024'!F771 -> 6 | G24: ='Harian 2024'!G420+'Harian 2024'!G433+'Harian 2024'!G446+'Harian 2024'!G459+'Harian 2024'!G472+'Harian 2024'!G485+'Harian 2024'!G498+'Harian 2024'!G511+'Harian 2024'!G524+'Harian 2024'!G537+'Harian 2024'!G550+'Harian 2024'!G563+'Harian 2024'!G576+'Harian 2024'!G589+'Harian 2024'!G602+'Harian 2024'!G615+'Harian 2024'!G628+'Harian 2024'!G641+'Harian 2024'!G654+'Harian 2024'!G667+'Harian 2024'!G680+'Harian 2024'!G693+'Harian 2024'!G706+'Harian 2024'!G719+'Harian 2024'!G732+'Harian 2024'!G745+'Harian 2024'!G758+'Harian 2024'!G771 -> 601 | H24: ='Harian 2024'!H420+'Harian 2024'!H433+'Harian 2024'!H446+'Harian 2024'!H459+'Harian 2024'!H472+'Harian 2024'!H485+'Harian 2024'!H498+'Harian 2024'!H511+'Harian 2024'!H524+'Harian 2024'!H537+'Harian 2024'!H550+'Harian 2024'!H563+'Harian 2024'!H576+'Harian 2024'!H589+'Harian 2024'!H602+'Harian 2024'!H615+'Harian 2024'!H628+'Harian 2024'!H641+'Harian 2024'!H654+'Harian 2024'!H667+'Harian 2024'!H680+'Harian 2024'!H693+'Harian 2024'!H706+'Harian 2024'!H719+'Harian 2024'!H732+'Harian 2024'!H745+'Harian 2024'!H758+'Harian 2024'!H771 -> 676 | I24: ='Harian 2024'!I420+'Harian 2024'!I433+'Harian 2024'!I446+'Harian 2024'!I459+'Harian 2024'!I472+'Harian 2024'!I485+'Harian 2024'!I498+'Harian 2024'!I511+'Harian 2024'!I524+'Harian 2024'!I537+'Harian 2024'!I550+'Harian 2024'!I563+'Harian 2024'!I576+'Harian 2024'!I589+'Harian 2024'!I602+'Harian 2024'!I615+'Harian 2024'!I628+'Harian 2024'!I641+'Harian 2024'!I654+'Harian 2024'!I667+'Harian 2024'!I680+'Harian 2024'!I693+'Harian 2024'!I706+'Harian 2024'!I719+'Harian 2024'!I732+'Harian 2024'!I745+'Harian 2024'!I758+'Harian 2024'!I771 -> 812 | J24: ='Harian 2024'!J420+'Harian 2024'!J433+'Harian 2024'!J446+'Harian 2024'!J459+'Harian 2024'!J472+'Harian 2024'!J485+'Harian 2024'!J498+'Harian 2024'!J511+'Harian 2024'!J524+'Harian 2024'!J537+'Harian 2024'!J550+'Harian 2024'!J563+'Harian 2024'!J576+'Harian 2024'!J589+'Harian 2024'!J602+'Harian 2024'!J615+'Harian 2024'!J628+'Harian 2024'!J641+'Harian 2024'!J654+'Harian 2024'!J667+'Harian 2024'!J680+'Harian 2024'!J693+'Harian 2024'!J706+'Harian 2024'!J719+'Harian 2024'!J732+'Harian 2024'!J745+'Harian 2024'!J758+'Harian 2024'!J771 -> 747 | K24: ='Harian 2024'!K420+'Harian 2024'!K433+'Harian 2024'!K446+'Harian 2024'!K459+'Harian 2024'!K472+'Harian 2024'!K485+'Harian 2024'!K498+'Harian 2024'!K511+'Harian 2024'!K524+'Harian 2024'!K537+'Harian 2024'!K550+'Harian 2024'!K563+'Harian 2024'!K576+'Harian 2024'!K589+'Harian 2024'!K602+'Harian 2024'!K615+'Harian 2024'!K628+'Harian 2024'!K641+'Harian 2024'!K654+'Harian 2024'!K667+'Harian 2024'!K680+'Harian 2024'!K693+'Harian 2024'!K706+'Harian 2024'!K719+'Harian 2024'!K732+'Harian 2024'!K745+'Harian 2024'!K758+'Harian 2024'!K771 -> 847 | ... U24: ='Harian 2024'!U420+'Harian 2024'!U433+'Harian 2024'!U446+'Harian 2024'!U459+'Harian 2024'!U472+'Harian 2024'!U485+'Harian 2024'!U498+'Harian 2024'!U511+'Harian 2024'!U524+'Harian 2024'!U537+'Harian 2024'!U550+'Harian 2024'!U563+'Harian 2024'!U576+'Harian 2024'!U589+'Harian 2024'!U602+'Harian 2024'!U615+'Harian 2024'!U628+'Harian 2024'!U641+'Harian 2024'!U654+'Harian 2024'!U667+'Harian 2024'!U680+'Harian 2024'!U693+'Harian 2024'!U706+'Harian 2024'!U719+'Harian 2024'!U732+'Harian 2024'!U745+'Harian 2024'!U758+'Harian 2024'!U771 -> 4254 | V24: =U24 -> 4254 | W24: =U24-V24 -> 0
C25: HANDUK | D25: ='Harian 2024'!D421+'Harian 2024'!D434+'Harian 2024'!D447+'Harian 2024'!D460+'Harian 2024'!D473+'Harian 2024'!D486+'Harian 2024'!D499+'Harian 2024'!D512+'Harian 2024'!D525+'Harian 2024'!D538+'Harian 2024'!D551+'Harian 2024'!D564+'Harian 2024'!D577+'Harian 2024'!D590+'Harian 2024'!D603+'Harian 2024'!D616+'Harian 2024'!D629+'Harian 2024'!D642+'Harian 2024'!D655+'Harian 2024'!D668+'Harian 2024'!D681+'Harian 2024'!D694+'Harian 2024'!D707+'Harian 2024'!D720+'Harian 2024'!D733+'Harian 2024'!D746+'Harian 2024'!D759+'Harian 2024'!D772 -> 0 | E25: ='Harian 2024'!E421+'Harian 2024'!E434+'Harian 2024'!E447+'Harian 2024'!E460+'Harian 2024'!E473+'Harian 2024'!E486+'Harian 2024'!E499+'Harian 2024'!E512+'Harian 2024'!E525+'Harian 2024'!E538+'Harian 2024'!E551+'Harian 2024'!E564+'Harian 2024'!E577+'Harian 2024'!E590+'Harian 2024'!E603+'Harian 2024'!E616+'Harian 2024'!E629+'Harian 2024'!E642+'Harian 2024'!E655+'Harian 2024'!E668+'Harian 2024'!E681+'Harian 2024'!E694+'Harian 2024'!E707+'Harian 2024'!E720+'Harian 2024'!E733+'Harian 2024'!E746+'Harian 2024'!E759+'Harian 2024'!E772 -> 1 | F25: ='Harian 2024'!F421+'Harian 2024'!F434+'Harian 2024'!F447+'Harian 2024'!F460+'Harian 2024'!F473+'Harian 2024'!F486+'Harian 2024'!F499+'Harian 2024'!F512+'Harian 2024'!F525+'Harian 2024'!F538+'Harian 2024'!F551+'Harian 2024'!F564+'Harian 2024'!F577+'Harian 2024'!F590+'Harian 2024'!F603+'Harian 2024'!F616+'Harian 2024'!F629+'Harian 2024'!F642+'Harian 2024'!F655+'Harian 2024'!F668+'Harian 2024'!F681+'Harian 2024'!F694+'Harian 2024'!F707+'Harian 2024'!F720+'Harian 2024'!F733+'Harian 2024'!F746+'Harian 2024'!F759+'Harian 2024'!F772 -> 0 | G25: ='Harian 2024'!G421+'Harian 2024'!G434+'Harian 2024'!G447+'Harian 2024'!G460+'Harian 2024'!G473+'Harian 2024'!G486+'Harian 2024'!G499+'Harian 2024'!G512+'Harian 2024'!G525+'Harian 2024'!G538+'Harian 2024'!G551+'Harian 2024'!G564+'Harian 2024'!G577+'Harian 2024'!G590+'Harian 2024'!G603+'Harian 2024'!G616+'Harian 2024'!G629+'Harian 2024'!G642+'Harian 2024'!G655+'Harian 2024'!G668+'Harian 2024'!G681+'Harian 2024'!G694+'Harian 2024'!G707+'Harian 2024'!G720+'Harian 2024'!G733+'Harian 2024'!G746+'Harian 2024'!G759+'Harian 2024'!G772 -> 359 | H25: ='Harian 2024'!H421+'Harian 2024'!H434+'Harian 2024'!H447+'Harian 2024'!H460+'Harian 2024'!H473+'Harian 2024'!H486+'Harian 2024'!H499+'Harian 2024'!H512+'Harian 2024'!H525+'Harian 2024'!H538+'Harian 2024'!H551+'Harian 2024'!H564+'Harian 2024'!H577+'Harian 2024'!H590+'Harian 2024'!H603+'Harian 2024'!H616+'Harian 2024'!H629+'Harian 2024'!H642+'Harian 2024'!H655+'Harian 2024'!H668+'Harian 2024'!H681+'Harian 2024'!H694+'Harian 2024'!H707+'Harian 2024'!H720+'Harian 2024'!H733+'Harian 2024'!H746+'Harian 2024'!H759+'Harian 2024'!H772 -> 414 | I25: ='Harian 2024'!I421+'Harian 2024'!I434+'Harian 2024'!I447+'Harian 2024'!I460+'Harian 2024'!I473+'Harian 2024'!I486+'Harian 2024'!I499+'Harian 2024'!I512+'Harian 2024'!I525+'Harian 2024'!I538+'Harian 2024'!I551+'Harian 2024'!I564+'Harian 2024'!I577+'Harian 2024'!I590+'Harian 2024'!I603+'Harian 2024'!I616+'Harian 2024'!I629+'Harian 2024'!I642+'Harian 2024'!I655+'Harian 2024'!I668+'Harian 2024'!I681+'Harian 2024'!I694+'Harian 2024'!I707+'Harian 2024'!I720+'Harian 2024'!I733+'Harian 2024'!I746+'Harian 2024'!I759+'Harian 2024'!I772 -> 437 | J25: ='Harian 2024'!J421+'Harian 2024'!J434+'Harian 2024'!J447+'Harian 2024'!J460+'Harian 2024'!J473+'Harian 2024'!J486+'Harian 2024'!J499+'Harian 2024'!J512+'Harian 2024'!J525+'Harian 2024'!J538+'Harian 2024'!J551+'Harian 2024'!J564+'Harian 2024'!J577+'Harian 2024'!J590+'Harian 2024'!J603+'Harian 2024'!J616+'Harian 2024'!J629+'Harian 2024'!J642+'Harian 2024'!J655+'Harian 2024'!J668+'Harian 2024'!J681+'Harian 2024'!J694+'Harian 2024'!J707+'Harian 2024'!J720+'Harian 2024'!J733+'Harian 2024'!J746+'Harian 2024'!J759+'Harian 2024'!J772 -> 425 | K25: ='Harian 2024'!K421+'Harian 2024'!K434+'Harian 2024'!K447+'Harian 2024'!K460+'Harian 2024'!K473+'Harian 2024'!K486+'Harian 2024'!K499+'Harian 2024'!K512+'Harian 2024'!K525+'Harian 2024'!K538+'Harian 2024'!K551+'Harian 2024'!K564+'Harian 2024'!K577+'Harian 2024'!K590+'Harian 2024'!K603+'Harian 2024'!K616+'Harian 2024'!K629+'Harian 2024'!K642+'Harian 2024'!K655+'Harian 2024'!K668+'Harian 2024'!K681+'Harian 2024'!K694+'Harian 2024'!K707+'Harian 2024'!K720+'Harian 2024'!K733+'Harian 2024'!K746+'Harian 2024'!K759+'Harian 2024'!K772 -> 433 | ... U25: ='Harian 2024'!U421+'Harian 2024'!U434+'Harian 2024'!U447+'Harian 2024'!U460+'Harian 2024'!U473+'Harian 2024'!U486+'Harian 2024'!U499+'Harian 2024'!U512+'Harian 2024'!U525+'Harian 2024'!U538+'Harian 2024'!U551+'Harian 2024'!U564+'Harian 2024'!U577+'Harian 2024'!U590+'Harian 2024'!U603+'Harian 2024'!U616+'Harian 2024'!U629+'Harian 2024'!U642+'Harian 2024'!U655+'Harian 2024'!U668+'Harian 2024'!U681+'Harian 2024'!U694+'Harian 2024'!U707+'Harian 2024'!U720+'Harian 2024'!U733+'Harian 2024'!U746+'Harian 2024'!U759+'Harian 2024'!U772 -> 2539 | V25: =U25 -> 2539 | W25: =U25-V25 -> 0
C26: SPREI | D26: ='Harian 2024'!D422+'Harian 2024'!D435+'Harian 2024'!D448+'Harian 2024'!D461+'Harian 2024'!D474+'Harian 2024'!D487+'Harian 2024'!D500+'Harian 2024'!D513+'Harian 2024'!D526+'Harian 2024'!D539+'Harian 2024'!D552+'Harian 2024'!D565+'Harian 2024'!D578+'Harian 2024'!D591+'Harian 2024'!D604+'Harian 2024'!D617+'Harian 2024'!D630+'Harian 2024'!D643+'Harian 2024'!D656+'Harian 2024'!D669+'Harian 2024'!D682+'Harian 2024'!D695+'Harian 2024'!D708+'Harian 2024'!D721+'Harian 2024'!D734+'Harian 2024'!D747+'Harian 2024'!D760+'Harian 2024'!D773 -> 220 | E26: ='Harian 2024'!E422+'Harian 2024'!E435+'Harian 2024'!E448+'Harian 2024'!E461+'Harian 2024'!E474+'Harian 2024'!E487+'Harian 2024'!E500+'Harian 2024'!E513+'Harian 2024'!E526+'Harian 2024'!E539+'Harian 2024'!E552+'Harian 2024'!E565+'Harian 2024'!E578+'Harian 2024'!E591+'Harian 2024'!E604+'Harian 2024'!E617+'Harian 2024'!E630+'Harian 2024'!E643+'Harian 2024'!E656+'Harian 2024'!E669+'Harian 2024'!E682+'Harian 2024'!E695+'Harian 2024'!E708+'Harian 2024'!E721+'Harian 2024'!E734+'Harian 2024'!E747+'Harian 2024'!E760+'Harian 2024'!E773 -> 261 | F26: ='Harian 2024'!F422+'Harian 2024'!F435+'Harian 2024'!F448+'Harian 2024'!F461+'Harian 2024'!F474+'Harian 2024'!F487+'Harian 2024'!F500+'Harian 2024'!F513+'Harian 2024'!F526+'Harian 2024'!F539+'Harian 2024'!F552+'Harian 2024'!F565+'Harian 2024'!F578+'Harian 2024'!F591+'Harian 2024'!F604+'Harian 2024'!F617+'Harian 2024'!F630+'Harian 2024'!F643+'Harian 2024'!F656+'Harian 2024'!F669+'Harian 2024'!F682+'Harian 2024'!F695+'Harian 2024'!F708+'Harian 2024'!F721+'Harian 2024'!F734+'Harian 2024'!F747+'Harian 2024'!F760+'Harian 2024'!F773 -> 171 | G26: ='Harian 2024'!G422+'Harian 2024'!G435+'Harian 2024'!G448+'Harian 2024'!G461+'Harian 2024'!G474+'Harian 2024'!G487+'Harian 2024'!G500+'Harian 2024'!G513+'Harian 2024'!G526+'Harian 2024'!G539+'Harian 2024'!G552+'Harian 2024'!G565+'Harian 2024'!G578+'Harian 2024'!G591+'Harian 2024'!G604+'Harian 2024'!G617+'Harian 2024'!G630+'Harian 2024'!G643+'Harian 2024'!G656+'Harian 2024'!G669+'Harian 2024'!G682+'Harian 2024'!G695+'Harian 2024'!G708+'Harian 2024'!G721+'Harian 2024'!G734+'Harian 2024'!G747+'Harian 2024'!G760+'Harian 2024'!G773 -> 648 | H26: ='Harian 2024'!H422+'Harian 2024'!H435+'Harian 2024'!H448+'Harian 2024'!H461+'Harian 2024'!H474+'Harian 2024'!H487+'Harian 2024'!H500+'Harian 2024'!H513+'Harian 2024'!H526+'Harian 2024'!H539+'Harian 2024'!H552+'Harian 2024'!H565+'Harian 2024'!H578+'Harian 2024'!H591+'Harian 2024'!H604+'Harian 2024'!H617+'Harian 2024'!H630+'Harian 2024'!H643+'Harian 2024'!H656+'Harian 2024'!H669+'Harian 2024'!H682+'Harian 2024'!H695+'Harian 2024'!H708+'Harian 2024'!H721+'Harian 2024'!H734+'Harian 2024'!H747+'Harian 2024'!H760+'Harian 2024'!H773 -> 671 | I26: ='Harian 2024'!I422+'Harian 2024'!I435+'Harian 2024'!I448+'Harian 2024'!I461+'Harian 2024'!I474+'Harian 2024'!I487+'Harian 2024'!I500+'Harian 2024'!I513+'Harian 2024'!I526+'Harian 2024'!I539+'Harian 2024'!I552+'Harian 2024'!I565+'Harian 2024'!I578+'Harian 2024'!I591+'Harian 2024'!I604+'Harian 2024'!I617+'Harian 2024'!I630+'Harian 2024'!I643+'Harian 2024'!I656+'Harian 2024'!I669+'Harian 2024'!I682+'Harian 2024'!I695+'Harian 2024'!I708+'Harian 2024'!I721+'Harian 2024'!I734+'Harian 2024'!I747+'Harian 2024'!I760+'Harian 2024'!I773 -> 767 | J26: ='Harian 2024'!J422+'Harian 2024'!J435+'Harian 2024'!J448+'Harian 2024'!J461+'Harian 2024'!J474+'Harian 2024'!J487+'Harian 2024'!J500+'Harian 2024'!J513+'Harian 2024'!J526+'Harian 2024'!J539+'Harian 2024'!J552+'Harian 2024'!J565+'Harian 2024'!J578+'Harian 2024'!J591+'Harian 2024'!J604+'Harian 2024'!J617+'Harian 2024'!J630+'Harian 2024'!J643+'Harian 2024'!J656+'Harian 2024'!J669+'Harian 2024'!J682+'Harian 2024'!J695+'Harian 2024'!J708+'Harian 2024'!J721+'Harian 2024'!J734+'Harian 2024'!J747+'Harian 2024'!J760+'Harian 2024'!J773 -> 729 | K26: ='Harian 2024'!K422+'Harian 2024'!K435+'Harian 2024'!K448+'Harian 2024'!K461+'Harian 2024'!K474+'Harian 2024'!K487+'Harian 2024'!K500+'Harian 2024'!K513+'Harian 2024'!K526+'Harian 2024'!K539+'Harian 2024'!K552+'Harian 2024'!K565+'Harian 2024'!K578+'Harian 2024'!K591+'Harian 2024'!K604+'Harian 2024'!K617+'Harian 2024'!K630+'Harian 2024'!K643+'Harian 2024'!K656+'Harian 2024'!K669+'Harian 2024'!K682+'Harian 2024'!K695+'Harian 2024'!K708+'Harian 2024'!K721+'Harian 2024'!K734+'Harian 2024'!K747+'Harian 2024'!K760+'Harian 2024'!K773 -> 776 | ... U26: ='Harian 2024'!U422+'Harian 2024'!U435+'Harian 2024'!U448+'Harian 2024'!U461+'Harian 2024'!U474+'Harian 2024'!U487+'Harian 2024'!U500+'Harian 2024'!U513+'Harian 2024'!U526+'Harian 2024'!U539+'Harian 2024'!U552+'Harian 2024'!U565+'Harian 2024'!U578+'Harian 2024'!U591+'Harian 2024'!U604+'Harian 2024'!U617+'Harian 2024'!U630+'Harian 2024'!U643+'Harian 2024'!U656+'Harian 2024'!U669+'Harian 2024'!U682+'Harian 2024'!U695+'Harian 2024'!U708+'Harian 2024'!U721+'Harian 2024'!U734+'Harian 2024'!U747+'Harian 2024'!U760+'Harian 2024'!U773 -> 5280 | V26: =U26 -> 5280 | W26: =U26-V26 -> 0
C27: SELIMUT | D27: ='Harian 2024'!D423+'Harian 2024'!D436+'Harian 2024'!D449+'Harian 2024'!D462+'Harian 2024'!D475+'Harian 2024'!D488+'Harian 2024'!D501+'Harian 2024'!D514+'Harian 2024'!D527+'Harian 2024'!D540+'Harian 2024'!D553+'Harian 2024'!D566+'Harian 2024'!D579+'Harian 2024'!D592+'Harian 2024'!D605+'Harian 2024'!D618+'Harian 2024'!D631+'Harian 2024'!D644+'Harian 2024'!D657+'Harian 2024'!D670+'Harian 2024'!D683+'Harian 2024'!D696+'Harian 2024'!D709+'Harian 2024'!D722+'Harian 2024'!D735+'Harian 2024'!D748+'Harian 2024'!D761+'Harian 2024'!D774 -> 156 | E27: ='Harian 2024'!E423+'Harian 2024'!E436+'Harian 2024'!E449+'Harian 2024'!E462+'Harian 2024'!E475+'Harian 2024'!E488+'Harian 2024'!E501+'Harian 2024'!E514+'Harian 2024'!E527+'Harian 2024'!E540+'Harian 2024'!E553+'Harian 2024'!E566+'Harian 2024'!E579+'Harian 2024'!E592+'Harian 2024'!E605+'Harian 2024'!E618+'Harian 2024'!E631+'Harian 2024'!E644+'Harian 2024'!E657+'Harian 2024'!E670+'Harian 2024'!E683+'Harian 2024'!E696+'Harian 2024'!E709+'Harian 2024'!E722+'Harian 2024'!E735+'Harian 2024'!E748+'Harian 2024'!E761+'Harian 2024'!E774 -> 313 | F27: ='Harian 2024'!F423+'Harian 2024'!F436+'Harian 2024'!F449+'Harian 2024'!F462+'Harian 2024'!F475+'Harian 2024'!F488+'Harian 2024'!F501+'Harian 2024'!F514+'Harian 2024'!F527+'Harian 2024'!F540+'Harian 2024'!F553+'Harian 2024'!F566+'Harian 2024'!F579+'Harian 2024'!F592+'Harian 2024'!F605+'Harian 2024'!F618+'Harian 2024'!F631+'Harian 2024'!F644+'Harian 2024'!F657+'Harian 2024'!F670+'Harian 2024'!F683+'Harian 2024'!F696+'Harian 2024'!F709+'Harian 2024'!F722+'Harian 2024'!F735+'Harian 2024'!F748+'Harian 2024'!F761+'Harian 2024'!F774 -> 242 | G27: ='Harian 2024'!G423+'Harian 2024'!G436+'Harian 2024'!G449+'Harian 2024'!G462+'Harian 2024'!G475+'Harian 2024'!G488+'Harian 2024'!G501+'Harian 2024'!G514+'Harian 2024'!G527+'Harian 2024'!G540+'Harian 2024'!G553+'Harian 2024'!G566+'Harian 2024'!G579+'Harian 2024'!G592+'Harian 2024'!G605+'Harian 2024'!G618+'Harian 2024'!G631+'Harian 2024'!G644+'Harian 2024'!G657+'Harian 2024'!G670+'Harian 2024'!G683+'Harian 2024'!G696+'Harian 2024'!G709+'Harian 2024'!G722+'Harian 2024'!G735+'Harian 2024'!G748+'Harian 2024'!G761+'Harian 2024'!G774 -> 649 | H27: ='Harian 2024'!H423+'Harian 2024'!H436+'Harian 2024'!H449+'Harian 2024'!H462+'Harian 2024'!H475+'Harian 2024'!H488+'Harian 2024'!H501+'Harian 2024'!H514+'Harian 2024'!H527+'Harian 2024'!H540+'Harian 2024'!H553+'Harian 2024'!H566+'Harian 2024'!H579+'Harian 2024'!H592+'Harian 2024'!H605+'Harian 2024'!H618+'Harian 2024'!H631+'Harian 2024'!H644+'Harian 2024'!H657+'Harian 2024'!H670+'Harian 2024'!H683+'Harian 2024'!H696+'Harian 2024'!H709+'Harian 2024'!H722+'Harian 2024'!H735+'Harian 2024'!H748+'Harian 2024'!H761+'Harian 2024'!H774 -> 709 | I27: ='Harian 2024'!I423+'Harian 2024'!I436+'Harian 2024'!I449+'Harian 2024'!I462+'Harian 2024'!I475+'Harian 2024'!I488+'Harian 2024'!I501+'Harian 2024'!I514+'Harian 2024'!I527+'Harian 2024'!I540+'Harian 2024'!I553+'Harian 2024'!I566+'Harian 2024'!I579+'Harian 2024'!I592+'Harian 2024'!I605+'Harian 2024'!I618+'Harian 2024'!I631+'Harian 2024'!I644+'Harian 2024'!I657+'Harian 2024'!I670+'Harian 2024'!I683+'Harian 2024'!I696+'Harian 2024'!I709+'Harian 2024'!I722+'Harian 2024'!I735+'Harian 2024'!I748+'Harian 2024'!I761+'Harian 2024'!I774 -> 748 | J27: ='Harian 2024'!J423+'Harian 2024'!J436+'Harian 2024'!J449+'Harian 2024'!J462+'Harian 2024'!J475+'Harian 2024'!J488+'Harian 2024'!J501+'Harian 2024'!J514+'Harian 2024'!J527+'Harian 2024'!J540+'Harian 2024'!J553+'Harian 2024'!J566+'Harian 2024'!J579+'Harian 2024'!J592+'Harian 2024'!J605+'Harian 2024'!J618+'Harian 2024'!J631+'Harian 2024'!J644+'Harian 2024'!J657+'Harian 2024'!J670+'Harian 2024'!J683+'Harian 2024'!J696+'Harian 2024'!J709+'Harian 2024'!J722+'Harian 2024'!J735+'Harian 2024'!J748+'Harian 2024'!J761+'Harian 2024'!J774 -> 774 | K27: ='Harian 2024'!K423+'Harian 2024'!K436+'Harian 2024'!K449+'Harian 2024'!K462+'Harian 2024'!K475+'Harian 2024'!K488+'Harian 2024'!K501+'Harian 2024'!K514+'Harian 2024'!K527+'Harian 2024'!K540+'Harian 2024'!K553+'Harian 2024'!K566+'Harian 2024'!K579+'Harian 2024'!K592+'Harian 2024'!K605+'Harian 2024'!K618+'Harian 2024'!K631+'Harian 2024'!K644+'Harian 2024'!K657+'Harian 2024'!K670+'Harian 2024'!K683+'Harian 2024'!K696+'Harian 2024'!K709+'Harian 2024'!K722+'Harian 2024'!K735+'Harian 2024'!K748+'Harian 2024'!K761+'Harian 2024'!K774 -> 775 | ... U27: ='Harian 2024'!U423+'Harian 2024'!U436+'Harian 2024'!U449+'Harian 2024'!U462+'Harian 2024'!U475+'Harian 2024'!U488+'Harian 2024'!U501+'Harian 2024'!U514+'Harian 2024'!U527+'Harian 2024'!U540+'Harian 2024'!U553+'Harian 2024'!U566+'Harian 2024'!U579+'Harian 2024'!U592+'Harian 2024'!U605+'Harian 2024'!U618+'Harian 2024'!U631+'Harian 2024'!U644+'Harian 2024'!U657+'Harian 2024'!U670+'Harian 2024'!U683+'Harian 2024'!U696+'Harian 2024'!U709+'Harian 2024'!U722+'Harian 2024'!U735+'Harian 2024'!U748+'Harian 2024'!U761+'Harian 2024'!U774 -> 5228 | V27: =U27 -> 5228 | W27: =U27-V27 -> 0
C28: SLOP | D28: ='Harian 2024'!D424+'Harian 2024'!D437+'Harian 2024'!D450+'Harian 2024'!D463+'Harian 2024'!D476+'Harian 2024'!D489+'Harian 2024'!D502+'Harian 2024'!D515+'Harian 2024'!D528+'Harian 2024'!D541+'Harian 2024'!D554+'Harian 2024'!D567+'Harian 2024'!D580+'Harian 2024'!D593+'Harian 2024'!D606+'Harian 2024'!D619+'Harian 2024'!D632+'Harian 2024'!D645+'Harian 2024'!D658+'Harian 2024'!D671+'Harian 2024'!D684+'Harian 2024'!D697+'Harian 2024'!D710+'Harian 2024'!D723+'Harian 2024'!D736+'Harian 2024'!D749+'Harian 2024'!D762+'Harian 2024'!D775 -> 139 | E28: ='Harian 2024'!E424+'Harian 2024'!E437+'Harian 2024'!E450+'Harian 2024'!E463+'Harian 2024'!E476+'Harian 2024'!E489+'Harian 2024'!E502+'Harian 2024'!E515+'Harian 2024'!E528+'Harian 2024'!E541+'Harian 2024'!E554+'Harian 2024'!E567+'Harian 2024'!E580+'Harian 2024'!E593+'Harian 2024'!E606+'Harian 2024'!E619+'Harian 2024'!E632+'Harian 2024'!E645+'Harian 2024'!E658+'Harian 2024'!E671+'Harian 2024'!E684+'Harian 2024'!E697+'Harian 2024'!E710+'Harian 2024'!E723+'Harian 2024'!E736+'Harian 2024'!E749+'Harian 2024'!E762+'Harian 2024'!E775 -> 314 | F28: ='Harian 2024'!F424+'Harian 2024'!F437+'Harian 2024'!F450+'Harian 2024'!F463+'Harian 2024'!F476+'Harian 2024'!F489+'Harian 2024'!F502+'Harian 2024'!F515+'Harian 2024'!F528+'Harian 2024'!F541+'Harian 2024'!F554+'Harian 2024'!F567+'Harian 2024'!F580+'Harian 2024'!F593+'Harian 2024'!F606+'Harian 2024'!F619+'Harian 2024'!F632+'Harian 2024'!F645+'Harian 2024'!F658+'Harian 2024'!F671+'Harian 2024'!F684+'Harian 2024'!F697+'Harian 2024'!F710+'Harian 2024'!F723+'Harian 2024'!F736+'Harian 2024'!F749+'Harian 2024'!F762+'Harian 2024'!F775 -> 248 | G28: ='Harian 2024'!G424+'Harian 2024'!G437+'Harian 2024'!G450+'Harian 2024'!G463+'Harian 2024'!G476+'Harian 2024'!G489+'Harian 2024'!G502+'Harian 2024'!G515+'Harian 2024'!G528+'Harian 2024'!G541+'Harian 2024'!G554+'Harian 2024'!G567+'Harian 2024'!G580+'Harian 2024'!G593+'Harian 2024'!G606+'Harian 2024'!G619+'Harian 2024'!G632+'Harian 2024'!G645+'Harian 2024'!G658+'Harian 2024'!G671+'Harian 2024'!G684+'Harian 2024'!G697+'Harian 2024'!G710+'Harian 2024'!G723+'Harian 2024'!G736+'Harian 2024'!G749+'Harian 2024'!G762+'Harian 2024'!G775 -> 701 | H28: ='Harian 2024'!H424+'Harian 2024'!H437+'Harian 2024'!H450+'Harian 2024'!H463+'Harian 2024'!H476+'Harian 2024'!H489+'Harian 2024'!H502+'Harian 2024'!H515+'Harian 2024'!H528+'Harian 2024'!H541+'Harian 2024'!H554+'Harian 2024'!H567+'Harian 2024'!H580+'Harian 2024'!H593+'Harian 2024'!H606+'Harian 2024'!H619+'Harian 2024'!H632+'Harian 2024'!H645+'Harian 2024'!H658+'Harian 2024'!H671+'Harian 2024'!H684+'Harian 2024'!H697+'Harian 2024'!H710+'Harian 2024'!H723+'Harian 2024'!H736+'Harian 2024'!H749+'Harian 2024'!H762+'Harian 2024'!H775 -> 704 | I28: ='Harian 2024'!I424+'Harian 2024'!I437+'Harian 2024'!I450+'Harian 2024'!I463+'Harian 2024'!I476+'Harian 2024'!I489+'Harian 2024'!I502+'Harian 2024'!I515+'Harian 2024'!I528+'Harian 2024'!I541+'Harian 2024'!I554+'Harian 2024'!I567+'Harian 2024'!I580+'Harian 2024'!I593+'Harian 2024'!I606+'Harian 2024'!I619+'Harian 2024'!I632+'Harian 2024'!I645+'Harian 2024'!I658+'Harian 2024'!I671+'Harian 2024'!I684+'Harian 2024'!I697+'Harian 2024'!I710+'Harian 2024'!I723+'Harian 2024'!I736+'Harian 2024'!I749+'Harian 2024'!I762+'Harian 2024'!I775 -> 734 | J28: ='Harian 2024'!J424+'Harian 2024'!J437+'Harian 2024'!J450+'Harian 2024'!J463+'Harian 2024'!J476+'Harian 2024'!J489+'Harian 2024'!J502+'Harian 2024'!J515+'Harian 2024'!J528+'Harian 2024'!J541+'Harian 2024'!J554+'Harian 2024'!J567+'Harian 2024'!J580+'Harian 2024'!J593+'Harian 2024'!J606+'Harian 2024'!J619+'Harian 2024'!J632+'Harian 2024'!J645+'Harian 2024'!J658+'Harian 2024'!J671+'Harian 2024'!J684+'Harian 2024'!J697+'Harian 2024'!J710+'Harian 2024'!J723+'Harian 2024'!J736+'Harian 2024'!J749+'Harian 2024'!J762+'Harian 2024'!J775 -> 813 | K28: ='Harian 2024'!K424+'Harian 2024'!K437+'Harian 2024'!K450+'Harian 2024'!K463+'Harian 2024'!K476+'Harian 2024'!K489+'Harian 2024'!K502+'Harian 2024'!K515+'Harian 2024'!K528+'Harian 2024'!K541+'Harian 2024'!K554+'Harian 2024'!K567+'Harian 2024'!K580+'Harian 2024'!K593+'Harian 2024'!K606+'Harian 2024'!K619+'Harian 2024'!K632+'Harian 2024'!K645+'Harian 2024'!K658+'Harian 2024'!K671+'Harian 2024'!K684+'Harian 2024'!K697+'Harian 2024'!K710+'Harian 2024'!K723+'Harian 2024'!K736+'Harian 2024'!K749+'Harian 2024'!K762+'Harian 2024'!K775 -> 821 | ... U28: ='Harian 2024'!U424+'Harian 2024'!U437+'Harian 2024'!U450+'Harian 2024'!U463+'Harian 2024'!U476+'Harian 2024'!U489+'Harian 2024'!U502+'Harian 2024'!U515+'Harian 2024'!U528+'Harian 2024'!U541+'Harian 2024'!U554+'Harian 2024'!U567+'Harian 2024'!U580+'Harian 2024'!U593+'Harian 2024'!U606+'Harian 2024'!U619+'Harian 2024'!U632+'Harian 2024'!U645+'Harian 2024'!U658+'Harian 2024'!U671+'Harian 2024'!U684+'Harian 2024'!U697+'Harian 2024'!U710+'Harian 2024'!U723+'Harian 2024'!U736+'Harian 2024'!U749+'Harian 2024'!U762+'Harian 2024'!U775 -> 5232 | V28: =U28 -> 5232 | W28: =U28-V28 -> 0
C29: STIK | D29: ='Harian 2024'!D425+'Harian 2024'!D438+'Harian 2024'!D451+'Harian 2024'!D464+'Harian 2024'!D477+'Harian 2024'!D490+'Harian 2024'!D503+'Harian 2024'!D516+'Harian 2024'!D529+'Harian 2024'!D542+'Harian 2024'!D555+'Harian 2024'!D568+'Harian 2024'!D581+'Harian 2024'!D594+'Harian 2024'!D607+'Harian 2024'!D620+'Harian 2024'!D633+'Harian 2024'!D646+'Harian 2024'!D659+'Harian 2024'!D672+'Harian 2024'!D685+'Harian 2024'!D698+'Harian 2024'!D711+'Harian 2024'!D724+'Harian 2024'!D737+'Harian 2024'!D750+'Harian 2024'!D763+'Harian 2024'!D776 -> 115 | E29: ='Harian 2024'!E425+'Harian 2024'!E438+'Harian 2024'!E451+'Harian 2024'!E464+'Harian 2024'!E477+'Harian 2024'!E490+'Harian 2024'!E503+'Harian 2024'!E516+'Harian 2024'!E529+'Harian 2024'!E542+'Harian 2024'!E555+'Harian 2024'!E568+'Harian 2024'!E581+'Harian 2024'!E594+'Harian 2024'!E607+'Harian 2024'!E620+'Harian 2024'!E633+'Harian 2024'!E646+'Harian 2024'!E659+'Harian 2024'!E672+'Harian 2024'!E685+'Harian 2024'!E698+'Harian 2024'!E711+'Harian 2024'!E724+'Harian 2024'!E737+'Harian 2024'!E750+'Harian 2024'!E763+'Harian 2024'!E776 -> 318 | F29: ='Harian 2024'!F425+'Harian 2024'!F438+'Harian 2024'!F451+'Harian 2024'!F464+'Harian 2024'!F477+'Harian 2024'!F490+'Harian 2024'!F503+'Harian 2024'!F516+'Harian 2024'!F529+'Harian 2024'!F542+'Harian 2024'!F555+'Harian 2024'!F568+'Harian 2024'!F581+'Harian 2024'!F594+'Harian 2024'!F607+'Harian 2024'!F620+'Harian 2024'!F633+'Harian 2024'!F646+'Harian 2024'!F659+'Harian 2024'!F672+'Harian 2024'!F685+'Harian 2024'!F698+'Harian 2024'!F711+'Harian 2024'!F724+'Harian 2024'!F737+'Harian 2024'!F750+'Harian 2024'!F763+'Harian 2024'!F776 -> 223 | G29: ='Harian 2024'!G425+'Harian 2024'!G438+'Harian 2024'!G451+'Harian 2024'!G464+'Harian 2024'!G477+'Harian 2024'!G490+'Harian 2024'!G503+'Harian 2024'!G516+'Harian 2024'!G529+'Harian 2024'!G542+'Harian 2024'!G555+'Harian 2024'!G568+'Harian 2024'!G581+'Harian 2024'!G594+'Harian 2024'!G607+'Harian 2024'!G620+'Harian 2024'!G633+'Harian 2024'!G646+'Harian 2024'!G659+'Harian 2024'!G672+'Harian 2024'!G685+'Harian 2024'!G698+'Harian 2024'!G711+'Harian 2024'!G724+'Harian 2024'!G737+'Harian 2024'!G750+'Harian 2024'!G763+'Harian 2024'!G776 -> 0 | H29: ='Harian 2024'!H425+'Harian 2024'!H438+'Harian 2024'!H451+'Harian 2024'!H464+'Harian 2024'!H477+'Harian 2024'!H490+'Harian 2024'!H503+'Harian 2024'!H516+'Harian 2024'!H529+'Harian 2024'!H542+'Harian 2024'!H555+'Harian 2024'!H568+'Harian 2024'!H581+'Harian 2024'!H594+'Harian 2024'!H607+'Harian 2024'!H620+'Harian 2024'!H633+'Harian 2024'!H646+'Harian 2024'!H659+'Harian 2024'!H672+'Harian 2024'!H685+'Harian 2024'!H698+'Harian 2024'!H711+'Harian 2024'!H724+'Harian 2024'!H737+'Harian 2024'!H750+'Harian 2024'!H763+'Harian 2024'!H776 -> 0 | I29: ='Harian 2024'!I425+'Harian 2024'!I438+'Harian 2024'!I451+'Harian 2024'!I464+'Harian 2024'!I477+'Harian 2024'!I490+'Harian 2024'!I503+'Harian 2024'!I516+'Harian 2024'!I529+'Harian 2024'!I542+'Harian 2024'!I555+'Harian 2024'!I568+'Harian 2024'!I581+'Harian 2024'!I594+'Harian 2024'!I607+'Harian 2024'!I620+'Harian 2024'!I633+'Harian 2024'!I646+'Harian 2024'!I659+'Harian 2024'!I672+'Harian 2024'!I685+'Harian 2024'!I698+'Harian 2024'!I711+'Harian 2024'!I724+'Harian 2024'!I737+'Harian 2024'!I750+'Harian 2024'!I763+'Harian 2024'!I776 -> 0 | J29: ='Harian 2024'!J425+'Harian 2024'!J438+'Harian 2024'!J451+'Harian 2024'!J464+'Harian 2024'!J477+'Harian 2024'!J490+'Harian 2024'!J503+'Harian 2024'!J516+'Harian 2024'!J529+'Harian 2024'!J542+'Harian 2024'!J555+'Harian 2024'!J568+'Harian 2024'!J581+'Harian 2024'!J594+'Harian 2024'!J607+'Harian 2024'!J620+'Harian 2024'!J633+'Harian 2024'!J646+'Harian 2024'!J659+'Harian 2024'!J672+'Harian 2024'!J685+'Harian 2024'!J698+'Harian 2024'!J711+'Harian 2024'!J724+'Harian 2024'!J737+'Harian 2024'!J750+'Harian 2024'!J763+'Harian 2024'!J776 -> 0 | K29: ='Harian 2024'!K425+'Harian 2024'!K438+'Harian 2024'!K451+'Harian 2024'!K464+'Harian 2024'!K477+'Harian 2024'!K490+'Harian 2024'!K503+'Harian 2024'!K516+'Harian 2024'!K529+'Harian 2024'!K542+'Harian 2024'!K555+'Harian 2024'!K568+'Harian 2024'!K581+'Harian 2024'!K594+'Harian 2024'!K607+'Harian 2024'!K620+'Harian 2024'!K633+'Harian 2024'!K646+'Harian 2024'!K659+'Harian 2024'!K672+'Harian 2024'!K685+'Harian 2024'!K698+'Harian 2024'!K711+'Harian 2024'!K724+'Harian 2024'!K737+'Harian 2024'!K750+'Harian 2024'!K763+'Harian 2024'!K776 -> 0 | ... U29: ='Harian 2024'!U425+'Harian 2024'!U438+'Harian 2024'!U451+'Harian 2024'!U464+'Harian 2024'!U477+'Harian 2024'!U490+'Harian 2024'!U503+'Harian 2024'!U516+'Harian 2024'!U529+'Harian 2024'!U542+'Harian 2024'!U555+'Harian 2024'!U568+'Harian 2024'!U581+'Harian 2024'!U594+'Harian 2024'!U607+'Harian 2024'!U620+'Harian 2024'!U633+'Harian 2024'!U646+'Harian 2024'!U659+'Harian 2024'!U672+'Harian 2024'!U685+'Harian 2024'!U698+'Harian 2024'!U711+'Harian 2024'!U724+'Harian 2024'!U737+'Harian 2024'!U750+'Harian 2024'!U763+'Harian 2024'!U776 -> 836 | V29: =U29 -> 836 | W29: =U29-V29 -> 0
C30: PERLAK | D30: ='Harian 2024'!D426+'Harian 2024'!D439+'Harian 2024'!D452+'Harian 2024'!D465+'Harian 2024'!D478+'Harian 2024'!D491+'Harian 2024'!D504+'Harian 2024'!D517+'Harian 2024'!D530+'Harian 2024'!D543+'Harian 2024'!D556+'Harian 2024'!D569+'Harian 2024'!D582+'Harian 2024'!D595+'Harian 2024'!D608+'Harian 2024'!D621+'Harian 2024'!D634+'Harian 2024'!D647+'Harian 2024'!D660+'Harian 2024'!D673+'Harian 2024'!D686+'Harian 2024'!D699+'Harian 2024'!D712+'Harian 2024'!D725+'Harian 2024'!D738+'Harian 2024'!D751+'Harian 2024'!D764+'Harian 2024'!D777 -> 89 | E30: ='Harian 2024'!E426+'Harian 2024'!E439+'Harian 2024'!E452+'Harian 2024'!E465+'Harian 2024'!E478+'Harian 2024'!E491+'Harian 2024'!E504+'Harian 2024'!E517+'Harian 2024'!E530+'Harian 2024'!E543+'Harian 2024'!E556+'Harian 2024'!E569+'Harian 2024'!E582+'Harian 2024'!E595+'Harian 2024'!E608+'Harian 2024'!E621+'Harian 2024'!E634+'Harian 2024'!E647+'Harian 2024'!E660+'Harian 2024'!E673+'Harian 2024'!E686+'Harian 2024'!E699+'Harian 2024'!E712+'Harian 2024'!E725+'Harian 2024'!E738+'Harian 2024'!E751+'Harian 2024'!E764+'Harian 2024'!E777 -> 217 | F30: ='Harian 2024'!F426+'Harian 2024'!F439+'Harian 2024'!F452+'Harian 2024'!F465+'Harian 2024'!F478+'Harian 2024'!F491+'Harian 2024'!F504+'Harian 2024'!F517+'Harian 2024'!F530+'Harian 2024'!F543+'Harian 2024'!F556+'Harian 2024'!F569+'Harian 2024'!F582+'Harian 2024'!F595+'Harian 2024'!F608+'Harian 2024'!F621+'Harian 2024'!F634+'Harian 2024'!F647+'Harian 2024'!F660+'Harian 2024'!F673+'Harian 2024'!F686+'Harian 2024'!F699+'Harian 2024'!F712+'Harian 2024'!F725+'Harian 2024'!F738+'Harian 2024'!F751+'Harian 2024'!F764+'Harian 2024'!F777 -> 154 | G30: ='Harian 2024'!G426+'Harian 2024'!G439+'Harian 2024'!G452+'Harian 2024'!G465+'Harian 2024'!G478+'Harian 2024'!G491+'Harian 2024'!G504+'Harian 2024'!G517+'Harian 2024'!G530+'Harian 2024'!G543+'Harian 2024'!G556+'Harian 2024'!G569+'Harian 2024'!G582+'Harian 2024'!G595+'Harian 2024'!G608+'Harian 2024'!G621+'Harian 2024'!G634+'Harian 2024'!G647+'Harian 2024'!G660+'Harian 2024'!G673+'Harian 2024'!G686+'Harian 2024'!G699+'Harian 2024'!G712+'Harian 2024'!G725+'Harian 2024'!G738+'Harian 2024'!G751+'Harian 2024'!G764+'Harian 2024'!G777 -> 0 | H30: ='Harian 2024'!H426+'Harian 2024'!H439+'Harian 2024'!H452+'Harian 2024'!H465+'Harian 2024'!H478+'Harian 2024'!H491+'Harian 2024'!H504+'Harian 2024'!H517+'Harian 2024'!H530+'Harian 2024'!H543+'Harian 2024'!H556+'Harian 2024'!H569+'Harian 2024'!H582+'Harian 2024'!H595+'Harian 2024'!H608+'Harian 2024'!H621+'Harian 2024'!H634+'Harian 2024'!H647+'Harian 2024'!H660+'Harian 2024'!H673+'Harian 2024'!H686+'Harian 2024'!H699+'Harian 2024'!H712+'Harian 2024'!H725+'Harian 2024'!H738+'Harian 2024'!H751+'Harian 2024'!H764+'Harian 2024'!H777 -> 0 | I30: ='Harian 2024'!I426+'Harian 2024'!I439+'Harian 2024'!I452+'Harian 2024'!I465+'Harian 2024'!I478+'Harian 2024'!I491+'Harian 2024'!I504+'Harian 2024'!I517+'Harian 2024'!I530+'Harian 2024'!I543+'Harian 2024'!I556+'Harian 2024'!I569+'Harian 2024'!I582+'Harian 2024'!I595+'Harian 2024'!I608+'Harian 2024'!I621+'Harian 2024'!I634+'Harian 2024'!I647+'Harian 2024'!I660+'Harian 2024'!I673+'Harian 2024'!I686+'Harian 2024'!I699+'Harian 2024'!I712+'Harian 2024'!I725+'Harian 2024'!I738+'Harian 2024'!I751+'Harian 2024'!I764+'Harian 2024'!I777 -> 0 | J30: ='Harian 2024'!J426+'Harian 2024'!J439+'Harian 2024'!J452+'Harian 2024'!J465+'Harian 2024'!J478+'Harian 2024'!J491+'Harian 2024'!J504+'Harian 2024'!J517+'Harian 2024'!J530+'Harian 2024'!J543+'Harian 2024'!J556+'Harian 2024'!J569+'Harian 2024'!J582+'Harian 2024'!J595+'Harian 2024'!J608+'Harian 2024'!J621+'Harian 2024'!J634+'Harian 2024'!J647+'Harian 2024'!J660+'Harian 2024'!J673+'Harian 2024'!J686+'Harian 2024'!J699+'Harian 2024'!J712+'Harian 2024'!J725+'Harian 2024'!J738+'Harian 2024'!J751+'Harian 2024'!J764+'Harian 2024'!J777 -> 0 | K30: ='Harian 2024'!K426+'Harian 2024'!K439+'Harian 2024'!K452+'Harian 2024'!K465+'Harian 2024'!K478+'Harian 2024'!K491+'Harian 2024'!K504+'Harian 2024'!K517+'Harian 2024'!K530+'Harian 2024'!K543+'Harian 2024'!K556+'Harian 2024'!K569+'Harian 2024'!K582+'Harian 2024'!K595+'Harian 2024'!K608+'Harian 2024'!K621+'Harian 2024'!K634+'Harian 2024'!K647+'Harian 2024'!K660+'Harian 2024'!K673+'Harian 2024'!K686+'Harian 2024'!K699+'Harian 2024'!K712+'Harian 2024'!K725+'Harian 2024'!K738+'Harian 2024'!K751+'Harian 2024'!K764+'Harian 2024'!K777 -> 0 | ... U30: ='Harian 2024'!U426+'Harian 2024'!U439+'Harian 2024'!U452+'Harian 2024'!U465+'Harian 2024'!U478+'Harian 2024'!U491+'Harian 2024'!U504+'Harian 2024'!U517+'Harian 2024'!U530+'Harian 2024'!U543+'Harian 2024'!U556+'Harian 2024'!U569+'Harian 2024'!U582+'Harian 2024'!U595+'Harian 2024'!U608+'Harian 2024'!U621+'Harian 2024'!U634+'Harian 2024'!U647+'Harian 2024'!U660+'Harian 2024'!U673+'Harian 2024'!U686+'Harian 2024'!U699+'Harian 2024'!U712+'Harian 2024'!U725+'Harian 2024'!U738+'Harian 2024'!U751+'Harian 2024'!U764+'Harian 2024'!U777 -> 607 | V30: =U30 -> 607 | W30: =U30-V30 -> 0
C31: DLL | D31: ='Harian 2024'!D427+'Harian 2024'!D440+'Harian 2024'!D453+'Harian 2024'!D466+'Harian 2024'!D479+'Harian 2024'!D492+'Harian 2024'!D505+'Harian 2024'!D518+'Harian 2024'!D531+'Harian 2024'!D544+'Harian 2024'!D557+'Harian 2024'!D570+'Harian 2024'!D583+'Harian 2024'!D596+'Harian 2024'!D609+'Harian 2024'!D622+'Harian 2024'!D635+'Harian 2024'!D648+'Harian 2024'!D661+'Harian 2024'!D674+'Harian 2024'!D687+'Harian 2024'!D700+'Harian 2024'!D713+'Harian 2024'!D726+'Harian 2024'!D739+'Harian 2024'!D752+'Harian 2024'!D765+'Harian 2024'!D778 -> 73 | E31: ='Harian 2024'!E427+'Harian 2024'!E440+'Harian 2024'!E453+'Harian 2024'!E466+'Harian 2024'!E479+'Harian 2024'!E492+'Harian 2024'!E505+'Harian 2024'!E518+'Harian 2024'!E531+'Harian 2024'!E544+'Harian 2024'!E557+'Harian 2024'!E570+'Harian 2024'!E583+'Harian 2024'!E596+'Harian 2024'!E609+'Harian 2024'!E622+'Harian 2024'!E635+'Harian 2024'!E648+'Harian 2024'!E661+'Harian 2024'!E674+'Harian 2024'!E687+'Harian 2024'!E700+'Harian 2024'!E713+'Harian 2024'!E726+'Harian 2024'!E739+'Harian 2024'!E752+'Harian 2024'!E765+'Harian 2024'!E778 -> 13 | F31: ='Harian 2024'!F427+'Harian 2024'!F440+'Harian 2024'!F453+'Harian 2024'!F466+'Harian 2024'!F479+'Harian 2024'!F492+'Harian 2024'!F505+'Harian 2024'!F518+'Harian 2024'!F531+'Harian 2024'!F544+'Harian 2024'!F557+'Harian 2024'!F570+'Harian 2024'!F583+'Harian 2024'!F596+'Harian 2024'!F609+'Harian 2024'!F622+'Harian 2024'!F635+'Harian 2024'!F648+'Harian 2024'!F661+'Harian 2024'!F674+'Harian 2024'!F687+'Harian 2024'!F700+'Harian 2024'!F713+'Harian 2024'!F726+'Harian 2024'!F739+'Harian 2024'!F752+'Harian 2024'!F765+'Harian 2024'!F778 -> 8 | G31: ='Harian 2024'!G427+'Harian 2024'!G440+'Harian 2024'!G453+'Harian 2024'!G466+'Harian 2024'!G479+'Harian 2024'!G492+'Harian 2024'!G505+'Harian 2024'!G518+'Harian 2024'!G531+'Harian 2024'!G544+'Harian 2024'!G557+'Harian 2024'!G570+'Harian 2024'!G583+'Harian 2024'!G596+'Harian 2024'!G609+'Harian 2024'!G622+'Harian 2024'!G635+'Harian 2024'!G648+'Harian 2024'!G661+'Harian 2024'!G674+'Harian 2024'!G687+'Harian 2024'!G700+'Harian 2024'!G713+'Harian 2024'!G726+'Harian 2024'!G739+'Harian 2024'!G752+'Harian 2024'!G765+'Harian 2024'!G778 -> 286 | H31: ='Harian 2024'!H427+'Harian 2024'!H440+'Harian 2024'!H453+'Harian 2024'!H466+'Harian 2024'!H479+'Harian 2024'!H492+'Harian 2024'!H505+'Harian 2024'!H518+'Harian 2024'!H531+'Harian 2024'!H544+'Harian 2024'!H557+'Harian 2024'!H570+'Harian 2024'!H583+'Harian 2024'!H596+'Harian 2024'!H609+'Harian 2024'!H622+'Harian 2024'!H635+'Harian 2024'!H648+'Harian 2024'!H661+'Harian 2024'!H674+'Harian 2024'!H687+'Harian 2024'!H700+'Harian 2024'!H713+'Harian 2024'!H726+'Harian 2024'!H739+'Harian 2024'!H752+'Harian 2024'!H765+'Harian 2024'!H778 -> 427 | I31: ='Harian 2024'!I427+'Harian 2024'!I440+'Harian 2024'!I453+'Harian 2024'!I466+'Harian 2024'!I479+'Harian 2024'!I492+'Harian 2024'!I505+'Harian 2024'!I518+'Harian 2024'!I531+'Harian 2024'!I544+'Harian 2024'!I557+'Harian 2024'!I570+'Harian 2024'!I583+'Harian 2024'!I596+'Harian 2024'!I609+'Harian 2024'!I622+'Harian 2024'!I635+'Harian 2024'!I648+'Harian 2024'!I661+'Harian 2024'!I674+'Harian 2024'!I687+'Harian 2024'!I700+'Harian 2024'!I713+'Harian 2024'!I726+'Harian 2024'!I739+'Harian 2024'!I752+'Harian 2024'!I765+'Harian 2024'!I778 -> 210 | J31: ='Harian 2024'!J427+'Harian 2024'!J440+'Harian 2024'!J453+'Harian 2024'!J466+'Harian 2024'!J479+'Harian 2024'!J492+'Harian 2024'!J505+'Harian 2024'!J518+'Harian 2024'!J531+'Harian 2024'!J544+'Harian 2024'!J557+'Harian 2024'!J570+'Harian 2024'!J583+'Harian 2024'!J596+'Harian 2024'!J609+'Harian 2024'!J622+'Harian 2024'!J635+'Harian 2024'!J648+'Harian 2024'!J661+'Harian 2024'!J674+'Harian 2024'!J687+'Harian 2024'!J700+'Harian 2024'!J713+'Harian 2024'!J726+'Harian 2024'!J739+'Harian 2024'!J752+'Harian 2024'!J765+'Harian 2024'!J778 -> 227 | K31: ='Harian 2024'!K427+'Harian 2024'!K440+'Harian 2024'!K453+'Harian 2024'!K466+'Harian 2024'!K479+'Harian 2024'!K492+'Harian 2024'!K505+'Harian 2024'!K518+'Harian 2024'!K531+'Harian 2024'!K544+'Harian 2024'!K557+'Harian 2024'!K570+'Harian 2024'!K583+'Harian 2024'!K596+'Harian 2024'!K609+'Harian 2024'!K622+'Harian 2024'!K635+'Harian 2024'!K648+'Harian 2024'!K661+'Harian 2024'!K674+'Harian 2024'!K687+'Harian 2024'!K700+'Harian 2024'!K713+'Harian 2024'!K726+'Harian 2024'!K739+'Harian 2024'!K752+'Harian 2024'!K765+'Harian 2024'!K778 -> 309 | ... U31: ='Harian 2024'!U427+'Harian 2024'!U440+'Harian 2024'!U453+'Harian 2024'!U466+'Harian 2024'!U479+'Harian 2024'!U492+'Harian 2024'!U505+'Harian 2024'!U518+'Harian 2024'!U531+'Harian 2024'!U544+'Harian 2024'!U557+'Harian 2024'!U570+'Harian 2024'!U583+'Harian 2024'!U596+'Harian 2024'!U609+'Harian 2024'!U622+'Harian 2024'!U635+'Harian 2024'!U648+'Harian 2024'!U661+'Harian 2024'!U674+'Harian 2024'!U687+'Harian 2024'!U700+'Harian 2024'!U713+'Harian 2024'!U726+'Harian 2024'!U739+'Harian 2024'!U752+'Harian 2024'!U765+'Harian 2024'!U778 -> 2117 | V31: =U31 -> 2117 | W31: =U31-V31 -> 0
C32: SUB JUMLAH | D32: =SUM(D23:D31) -> 812 | E32: =SUM(E23:E31) -> 1437 | F32: =SUM(F23:F31) -> 1058 | G32: =SUM(G23:G31) -> 3826 | H32: =SUM(H23:H31) -> 4251 | I32: =SUM(I23:I31) -> 4510 | J32: =SUM(J23:J31) -> 4459 | K32: =SUM(K23:K31) -> 4810 | ... U32: =SUM(U23:U31) -> 30991 | V32: =U32 -> 30991 | W32: =U32-V32 -> 0
A35: PENGELOLAAN LINEN INSTALASI LAUNDRY (POTONG)
A36: RSJD Dr RM SOEDJARWADI PROVINSI JAWA TENGAH
A37: BULAN MARET 2026
A39: NO | B39: BULAN | C39: JENIS LINEN | D39: =D5 -> ANGGREK | E39: =E5 -> BOUGENVIL | F39: =F5 -> CAMELIA II | G39: =G5 -> DEWANDARU | H39: =H5 -> EDELWEIS | I39: =I5 -> FLAMBOYAN | J39: =J5 -> GERANIUM | K39: =K5 -> HELIKONIA | ... U39: =U5 -> Ʃ Masuk | V39: Ʃ Kirim | W39: SELISIH
B40: MARET | C40: BAJU | D40: ='Harian 2024'!D794+'Harian 2024'!D807+'Harian 2024'!D820+'Harian 2024'!D833+'Harian 2024'!D846+'Harian 2024'!D859+'Harian 2024'!D872+'Harian 2024'!D885+'Harian 2024'!D898+'Harian 2024'!D911+'Harian 2024'!D924+'Harian 2024'!D937+'Harian 2024'!D950+'Harian 2024'!D963+'Harian 2024'!D976+'Harian 2024'!D989+'Harian 2024'!D1002+'Harian 2024'!D1015+'Harian 2024'!D1028+'Harian 2024'!D1041+'Harian 2024'!D1054+'Harian 2024'!D1067+'Harian 2024'!D1080+'Harian 2024'!D1093+'Harian 2024'!D1106+'Harian 2024'!D1119+'Harian 2024'!D1132+'Harian 2024'!D1145+'Harian 2024'!D1158+'Harian 2024'!D1171+'Harian 2024'!D1184 -> 0 | E40: ='Harian 2024'!E794+'Harian 2024'!E807+'Harian 2024'!E820+'Harian 2024'!E833+'Harian 2024'!E846+'Harian 2024'!E859+'Harian 2024'!E872+'Harian 2024'!E885+'Harian 2024'!E898+'Harian 2024'!E911+'Harian 2024'!E924+'Harian 2024'!E937+'Harian 2024'!E950+'Harian 2024'!E963+'Harian 2024'!E976+'Harian 2024'!E989+'Harian 2024'!E1002+'Harian 2024'!E1015+'Harian 2024'!E1028+'Harian 2024'!E1041+'Harian 2024'!E1054+'Harian 2024'!E1067+'Harian 2024'!E1080+'Harian 2024'!E1093+'Harian 2024'!E1106+'Harian 2024'!E1119+'Harian 2024'!E1132+'Harian 2024'!E1145+'Harian 2024'!E1158+'Harian 2024'!E1171+'Harian 2024'!E1184 -> 1 | F40: ='Harian 2024'!F794+'Harian 2024'!F807+'Harian 2024'!F820+'Harian 2024'!F833+'Harian 2024'!F846+'Harian 2024'!F859+'Harian 2024'!F872+'Harian 2024'!F885+'Harian 2024'!F898+'Harian 2024'!F911+'Harian 2024'!F924+'Harian 2024'!F937+'Harian 2024'!F950+'Harian 2024'!F963+'Harian 2024'!F976+'Harian 2024'!F989+'Harian 2024'!F1002+'Harian 2024'!F1015+'Harian 2024'!F1028+'Harian 2024'!F1041+'Harian 2024'!F1054+'Harian 2024'!F1067+'Harian 2024'!F1080+'Harian 2024'!F1093+'Harian 2024'!F1106+'Harian 2024'!F1119+'Harian 2024'!F1132+'Harian 2024'!F1145+'Harian 2024'!F1158+'Harian 2024'!F1171+'Harian 2024'!F1184 -> 11 | G40: ='Harian 2024'!G794+'Harian 2024'!G807+'Harian 2024'!G820+'Harian 2024'!G833+'Harian 2024'!G846+'Harian 2024'!G859+'Harian 2024'!G872+'Harian 2024'!G885+'Harian 2024'!G898+'Harian 2024'!G911+'Harian 2024'!G924+'Harian 2024'!G937+'Harian 2024'!G950+'Harian 2024'!G963+'Harian 2024'!G976+'Harian 2024'!G989+'Harian 2024'!G1002+'Harian 2024'!G1015+'Harian 2024'!G1028+'Harian 2024'!G1041+'Harian 2024'!G1054+'Harian 2024'!G1067+'Harian 2024'!G1080+'Harian 2024'!G1093+'Harian 2024'!G1106+'Harian 2024'!G1119+'Harian 2024'!G1132+'Harian 2024'!G1145+'Harian 2024'!G1158+'Harian 2024'!G1171+'Harian 2024'!G1184 -> 698 | H40: ='Harian 2024'!H794+'Harian 2024'!H807+'Harian 2024'!H820+'Harian 2024'!H833+'Harian 2024'!H846+'Harian 2024'!H859+'Harian 2024'!H872+'Harian 2024'!H885+'Harian 2024'!H898+'Harian 2024'!H911+'Harian 2024'!H924+'Harian 2024'!H937+'Harian 2024'!H950+'Harian 2024'!H963+'Harian 2024'!H976+'Harian 2024'!H989+'Harian 2024'!H1002+'Harian 2024'!H1015+'Harian 2024'!H1028+'Harian 2024'!H1041+'Harian 2024'!H1054+'Harian 2024'!H1067+'Harian 2024'!H1080+'Harian 2024'!H1093+'Harian 2024'!H1106+'Harian 2024'!H1119+'Harian 2024'!H1132+'Harian 2024'!H1145+'Harian 2024'!H1158+'Harian 2024'!H1171+'Harian 2024'!H1184 -> 753 | I40: ='Harian 2024'!I794+'Harian 2024'!I807+'Harian 2024'!I820+'Harian 2024'!I833+'Harian 2024'!I846+'Harian 2024'!I859+'Harian 2024'!I872+'Harian 2024'!I885+'Harian 2024'!I898+'Harian 2024'!I911+'Harian 2024'!I924+'Harian 2024'!I937+'Harian 2024'!I950+'Harian 2024'!I963+'Harian 2024'!I976+'Harian 2024'!I989+'Harian 2024'!I1002+'Harian 2024'!I1015+'Harian 2024'!I1028+'Harian 2024'!I1041+'Harian 2024'!I1054+'Harian 2024'!I1067+'Harian 2024'!I1080+'Harian 2024'!I1093+'Harian 2024'!I1106+'Harian 2024'!I1119+'Harian 2024'!I1132+'Harian 2024'!I1145+'Harian 2024'!I1158+'Harian 2024'!I1171+'Harian 2024'!I1184 -> 814 | J40: ='Harian 2024'!J794+'Harian 2024'!J807+'Harian 2024'!J820+'Harian 2024'!J833+'Harian 2024'!J846+'Harian 2024'!J859+'Harian 2024'!J872+'Harian 2024'!J885+'Harian 2024'!J898+'Harian 2024'!J911+'Harian 2024'!J924+'Harian 2024'!J937+'Harian 2024'!J950+'Harian 2024'!J963+'Harian 2024'!J976+'Harian 2024'!J989+'Harian 2024'!J1002+'Harian 2024'!J1015+'Harian 2024'!J1028+'Harian 2024'!J1041+'Harian 2024'!J1054+'Harian 2024'!J1067+'Harian 2024'!J1080+'Harian 2024'!J1093+'Harian 2024'!J1106+'Harian 2024'!J1119+'Harian 2024'!J1132+'Harian 2024'!J1145+'Harian 2024'!J1158+'Harian 2024'!J1171+'Harian 2024'!J1184 -> 826 | K40: ='Harian 2024'!K794+'Harian 2024'!K807+'Harian 2024'!K820+'Harian 2024'!K833+'Harian 2024'!K846+'Harian 2024'!K859+'Harian 2024'!K872+'Harian 2024'!K885+'Harian 2024'!K898+'Harian 2024'!K911+'Harian 2024'!K924+'Harian 2024'!K937+'Harian 2024'!K950+'Harian 2024'!K963+'Harian 2024'!K976+'Harian 2024'!K989+'Harian 2024'!K1002+'Harian 2024'!K1015+'Harian 2024'!K1028+'Harian 2024'!K1041+'Harian 2024'!K1054+'Harian 2024'!K1067+'Harian 2024'!K1080+'Harian 2024'!K1093+'Harian 2024'!K1106+'Harian 2024'!K1119+'Harian 2024'!K1132+'Harian 2024'!K1145+'Harian 2024'!K1158+'Harian 2024'!K1171+'Harian 2024'!K1184 -> 917 | ... U40: ='Harian 2024'!U794+'Harian 2024'!U807+'Harian 2024'!U820+'Harian 2024'!U833+'Harian 2024'!U846+'Harian 2024'!U859+'Harian 2024'!U872+'Harian 2024'!U885+'Harian 2024'!U898+'Harian 2024'!U911+'Harian 2024'!U924+'Harian 2024'!U937+'Harian 2024'!U950+'Harian 2024'!U963+'Harian 2024'!U976+'Harian 2024'!U989+'Harian 2024'!U1002+'Harian 2024'!U1015+'Harian 2024'!U1028+'Harian 2024'!U1041+'Harian 2024'!U1054+'Harian 2024'!U1067+'Harian 2024'!U1080+'Harian 2024'!U1093+'Harian 2024'!U1106+'Harian 2024'!U1119+'Harian 2024'!U1132+'Harian 2024'!U1145+'Harian 2024'!U1158+'Harian 2024'!U1171+'Harian 2024'!U1184 -> 5346 | V40: =U40 -> 5346 | W40: =V40-U40 -> 0
C41: CELANA | D41: ='Harian 2024'!D795+'Harian 2024'!D808+'Harian 2024'!D821+'Harian 2024'!D834+'Harian 2024'!D847+'Harian 2024'!D860+'Harian 2024'!D873+'Harian 2024'!D886+'Harian 2024'!D899+'Harian 2024'!D912+'Harian 2024'!D925+'Harian 2024'!D938+'Harian 2024'!D951+'Harian 2024'!D964+'Harian 2024'!D977+'Harian 2024'!D990+'Harian 2024'!D1003+'Harian 2024'!D1016+'Harian 2024'!D1029+'Harian 2024'!D1042+'Harian 2024'!D1055+'Harian 2024'!D1068+'Harian 2024'!D1081+'Harian 2024'!D1094+'Harian 2024'!D1107+'Harian 2024'!D1120+'Harian 2024'!D1133+'Harian 2024'!D1146+'Harian 2024'!D1159+'Harian 2024'!D1172+'Harian 2024'!D1185 -> 0 | E41: ='Harian 2024'!E795+'Harian 2024'!E808+'Harian 2024'!E821+'Harian 2024'!E834+'Harian 2024'!E847+'Harian 2024'!E860+'Harian 2024'!E873+'Harian 2024'!E886+'Harian 2024'!E899+'Harian 2024'!E912+'Harian 2024'!E925+'Harian 2024'!E938+'Harian 2024'!E951+'Harian 2024'!E964+'Harian 2024'!E977+'Harian 2024'!E990+'Harian 2024'!E1003+'Harian 2024'!E1016+'Harian 2024'!E1029+'Harian 2024'!E1042+'Harian 2024'!E1055+'Harian 2024'!E1068+'Harian 2024'!E1081+'Harian 2024'!E1094+'Harian 2024'!E1107+'Harian 2024'!E1120+'Harian 2024'!E1133+'Harian 2024'!E1146+'Harian 2024'!E1159+'Harian 2024'!E1172+'Harian 2024'!E1185 -> 0 | F41: ='Harian 2024'!F795+'Harian 2024'!F808+'Harian 2024'!F821+'Harian 2024'!F834+'Harian 2024'!F847+'Harian 2024'!F860+'Harian 2024'!F873+'Harian 2024'!F886+'Harian 2024'!F899+'Harian 2024'!F912+'Harian 2024'!F925+'Harian 2024'!F938+'Harian 2024'!F951+'Harian 2024'!F964+'Harian 2024'!F977+'Harian 2024'!F990+'Harian 2024'!F1003+'Harian 2024'!F1016+'Harian 2024'!F1029+'Harian 2024'!F1042+'Harian 2024'!F1055+'Harian 2024'!F1068+'Harian 2024'!F1081+'Harian 2024'!F1094+'Harian 2024'!F1107+'Harian 2024'!F1120+'Harian 2024'!F1133+'Harian 2024'!F1146+'Harian 2024'!F1159+'Harian 2024'!F1172+'Harian 2024'!F1185 -> 9 | G41: ='Harian 2024'!G795+'Harian 2024'!G808+'Harian 2024'!G821+'Harian 2024'!G834+'Harian 2024'!G847+'Harian 2024'!G860+'Harian 2024'!G873+'Harian 2024'!G886+'Harian 2024'!G899+'Harian 2024'!G912+'Harian 2024'!G925+'Harian 2024'!G938+'Harian 2024'!G951+'Harian 2024'!G964+'Harian 2024'!G977+'Harian 2024'!G990+'Harian 2024'!G1003+'Harian 2024'!G1016+'Harian 2024'!G1029+'Harian 2024'!G1042+'Harian 2024'!G1055+'Harian 2024'!G1068+'Harian 2024'!G1081+'Harian 2024'!G1094+'Harian 2024'!G1107+'Harian 2024'!G1120+'Harian 2024'!G1133+'Harian 2024'!G1146+'Harian 2024'!G1159+'Harian 2024'!G1172+'Harian 2024'!G1185 -> 693 | H41: ='Harian 2024'!H795+'Harian 2024'!H808+'Harian 2024'!H821+'Harian 2024'!H834+'Harian 2024'!H847+'Harian 2024'!H860+'Harian 2024'!H873+'Harian 2024'!H886+'Harian 2024'!H899+'Harian 2024'!H912+'Harian 2024'!H925+'Harian 2024'!H938+'Harian 2024'!H951+'Harian 2024'!H964+'Harian 2024'!H977+'Harian 2024'!H990+'Harian 2024'!H1003+'Harian 2024'!H1016+'Harian 2024'!H1029+'Harian 2024'!H1042+'Harian 2024'!H1055+'Harian 2024'!H1068+'Harian 2024'!H1081+'Harian 2024'!H1094+'Harian 2024'!H1107+'Harian 2024'!H1120+'Harian 2024'!H1133+'Harian 2024'!H1146+'Harian 2024'!H1159+'Harian 2024'!H1172+'Harian 2024'!H1185 -> 771 | I41: ='Harian 2024'!I795+'Harian 2024'!I808+'Harian 2024'!I821+'Harian 2024'!I834+'Harian 2024'!I847+'Harian 2024'!I860+'Harian 2024'!I873+'Harian 2024'!I886+'Harian 2024'!I899+'Harian 2024'!I912+'Harian 2024'!I925+'Harian 2024'!I938+'Harian 2024'!I951+'Harian 2024'!I964+'Harian 2024'!I977+'Harian 2024'!I990+'Harian 2024'!I1003+'Harian 2024'!I1016+'Harian 2024'!I1029+'Harian 2024'!I1042+'Harian 2024'!I1055+'Harian 2024'!I1068+'Harian 2024'!I1081+'Harian 2024'!I1094+'Harian 2024'!I1107+'Harian 2024'!I1120+'Harian 2024'!I1133+'Harian 2024'!I1146+'Harian 2024'!I1159+'Harian 2024'!I1172+'Harian 2024'!I1185 -> 813 | J41: ='Harian 2024'!J795+'Harian 2024'!J808+'Harian 2024'!J821+'Harian 2024'!J834+'Harian 2024'!J847+'Harian 2024'!J860+'Harian 2024'!J873+'Harian 2024'!J886+'Harian 2024'!J899+'Harian 2024'!J912+'Harian 2024'!J925+'Harian 2024'!J938+'Harian 2024'!J951+'Harian 2024'!J964+'Harian 2024'!J977+'Harian 2024'!J990+'Harian 2024'!J1003+'Harian 2024'!J1016+'Harian 2024'!J1029+'Harian 2024'!J1042+'Harian 2024'!J1055+'Harian 2024'!J1068+'Harian 2024'!J1081+'Harian 2024'!J1094+'Harian 2024'!J1107+'Harian 2024'!J1120+'Harian 2024'!J1133+'Harian 2024'!J1146+'Harian 2024'!J1159+'Harian 2024'!J1172+'Harian 2024'!J1185 -> 835 | K41: ='Harian 2024'!K795+'Harian 2024'!K808+'Harian 2024'!K821+'Harian 2024'!K834+'Harian 2024'!K847+'Harian 2024'!K860+'Harian 2024'!K873+'Harian 2024'!K886+'Harian 2024'!K899+'Harian 2024'!K912+'Harian 2024'!K925+'Harian 2024'!K938+'Harian 2024'!K951+'Harian 2024'!K964+'Harian 2024'!K977+'Harian 2024'!K990+'Harian 2024'!K1003+'Harian 2024'!K1016+'Harian 2024'!K1029+'Harian 2024'!K1042+'Harian 2024'!K1055+'Harian 2024'!K1068+'Harian 2024'!K1081+'Harian 2024'!K1094+'Harian 2024'!K1107+'Harian 2024'!K1120+'Harian 2024'!K1133+'Harian 2024'!K1146+'Harian 2024'!K1159+'Harian 2024'!K1172+'Harian 2024'!K1185 -> 899 | ... U41: ='Harian 2024'!U795+'Harian 2024'!U808+'Harian 2024'!U821+'Harian 2024'!U834+'Harian 2024'!U847+'Harian 2024'!U860+'Harian 2024'!U873+'Harian 2024'!U886+'Harian 2024'!U899+'Harian 2024'!U912+'Harian 2024'!U925+'Harian 2024'!U938+'Harian 2024'!U951+'Harian 2024'!U964+'Harian 2024'!U977+'Harian 2024'!U990+'Harian 2024'!U1003+'Harian 2024'!U1016+'Harian 2024'!U1029+'Harian 2024'!U1042+'Harian 2024'!U1055+'Harian 2024'!U1068+'Harian 2024'!U1081+'Harian 2024'!U1094+'Harian 2024'!U1107+'Harian 2024'!U1120+'Harian 2024'!U1133+'Harian 2024'!U1146+'Harian 2024'!U1159+'Harian 2024'!U1172+'Harian 2024'!U1185 -> 4639 | V41: =U41 -> 4639 | W41: =V41-U41 -> 0
C42: HANDUK | D42: ='Harian 2024'!D796+'Harian 2024'!D809+'Harian 2024'!D822+'Harian 2024'!D835+'Harian 2024'!D848+'Harian 2024'!D861+'Harian 2024'!D874+'Harian 2024'!D887+'Harian 2024'!D900+'Harian 2024'!D913+'Harian 2024'!D926+'Harian 2024'!D939+'Harian 2024'!D952+'Harian 2024'!D965+'Harian 2024'!D978+'Harian 2024'!D991+'Harian 2024'!D1004+'Harian 2024'!D1017+'Harian 2024'!D1030+'Harian 2024'!D1043+'Harian 2024'!D1056+'Harian 2024'!D1069+'Harian 2024'!D1082+'Harian 2024'!D1095+'Harian 2024'!D1108+'Harian 2024'!D1121+'Harian 2024'!D1134+'Harian 2024'!D1147+'Harian 2024'!D1160+'Harian 2024'!D1173+'Harian 2024'!D1186 -> 9 | E42: ='Harian 2024'!E796+'Harian 2024'!E809+'Harian 2024'!E822+'Harian 2024'!E835+'Harian 2024'!E848+'Harian 2024'!E861+'Harian 2024'!E874+'Harian 2024'!E887+'Harian 2024'!E900+'Harian 2024'!E913+'Harian 2024'!E926+'Harian 2024'!E939+'Harian 2024'!E952+'Harian 2024'!E965+'Harian 2024'!E978+'Harian 2024'!E991+'Harian 2024'!E1004+'Harian 2024'!E1017+'Harian 2024'!E1030+'Harian 2024'!E1043+'Harian 2024'!E1056+'Harian 2024'!E1069+'Harian 2024'!E1082+'Harian 2024'!E1095+'Harian 2024'!E1108+'Harian 2024'!E1121+'Harian 2024'!E1134+'Harian 2024'!E1147+'Harian 2024'!E1160+'Harian 2024'!E1173+'Harian 2024'!E1186 -> 4 | F42: ='Harian 2024'!F796+'Harian 2024'!F809+'Harian 2024'!F822+'Harian 2024'!F835+'Harian 2024'!F848+'Harian 2024'!F861+'Harian 2024'!F874+'Harian 2024'!F887+'Harian 2024'!F900+'Harian 2024'!F913+'Harian 2024'!F926+'Harian 2024'!F939+'Harian 2024'!F952+'Harian 2024'!F965+'Harian 2024'!F978+'Harian 2024'!F991+'Harian 2024'!F1004+'Harian 2024'!F1017+'Harian 2024'!F1030+'Harian 2024'!F1043+'Harian 2024'!F1056+'Harian 2024'!F1069+'Harian 2024'!F1082+'Harian 2024'!F1095+'Harian 2024'!F1108+'Harian 2024'!F1121+'Harian 2024'!F1134+'Harian 2024'!F1147+'Harian 2024'!F1160+'Harian 2024'!F1173+'Harian 2024'!F1186 -> 2 | G42: ='Harian 2024'!G796+'Harian 2024'!G809+'Harian 2024'!G822+'Harian 2024'!G835+'Harian 2024'!G848+'Harian 2024'!G861+'Harian 2024'!G874+'Harian 2024'!G887+'Harian 2024'!G900+'Harian 2024'!G913+'Harian 2024'!G926+'Harian 2024'!G939+'Harian 2024'!G952+'Harian 2024'!G965+'Harian 2024'!G978+'Harian 2024'!G991+'Harian 2024'!G1004+'Harian 2024'!G1017+'Harian 2024'!G1030+'Harian 2024'!G1043+'Harian 2024'!G1056+'Harian 2024'!G1069+'Harian 2024'!G1082+'Harian 2024'!G1095+'Harian 2024'!G1108+'Harian 2024'!G1121+'Harian 2024'!G1134+'Harian 2024'!G1147+'Harian 2024'!G1160+'Harian 2024'!G1173+'Harian 2024'!G1186 -> 287 | H42: ='Harian 2024'!H796+'Harian 2024'!H809+'Harian 2024'!H822+'Harian 2024'!H835+'Harian 2024'!H848+'Harian 2024'!H861+'Harian 2024'!H874+'Harian 2024'!H887+'Harian 2024'!H900+'Harian 2024'!H913+'Harian 2024'!H926+'Harian 2024'!H939+'Harian 2024'!H952+'Harian 2024'!H965+'Harian 2024'!H978+'Harian 2024'!H991+'Harian 2024'!H1004+'Harian 2024'!H1017+'Harian 2024'!H1030+'Harian 2024'!H1043+'Harian 2024'!H1056+'Harian 2024'!H1069+'Harian 2024'!H1082+'Harian 2024'!H1095+'Harian 2024'!H1108+'Harian 2024'!H1121+'Harian 2024'!H1134+'Harian 2024'!H1147+'Harian 2024'!H1160+'Harian 2024'!H1173+'Harian 2024'!H1186 -> 308 | I42: ='Harian 2024'!I796+'Harian 2024'!I809+'Harian 2024'!I822+'Harian 2024'!I835+'Harian 2024'!I848+'Harian 2024'!I861+'Harian 2024'!I874+'Harian 2024'!I887+'Harian 2024'!I900+'Harian 2024'!I913+'Harian 2024'!I926+'Harian 2024'!I939+'Harian 2024'!I952+'Harian 2024'!I965+'Harian 2024'!I978+'Harian 2024'!I991+'Harian 2024'!I1004+'Harian 2024'!I1017+'Harian 2024'!I1030+'Harian 2024'!I1043+'Harian 2024'!I1056+'Harian 2024'!I1069+'Harian 2024'!I1082+'Harian 2024'!I1095+'Harian 2024'!I1108+'Harian 2024'!I1121+'Harian 2024'!I1134+'Harian 2024'!I1147+'Harian 2024'!I1160+'Harian 2024'!I1173+'Harian 2024'!I1186 -> 355 | J42: ='Harian 2024'!J796+'Harian 2024'!J809+'Harian 2024'!J822+'Harian 2024'!J835+'Harian 2024'!J848+'Harian 2024'!J861+'Harian 2024'!J874+'Harian 2024'!J887+'Harian 2024'!J900+'Harian 2024'!J913+'Harian 2024'!J926+'Harian 2024'!J939+'Harian 2024'!J952+'Harian 2024'!J965+'Harian 2024'!J978+'Harian 2024'!J991+'Harian 2024'!J1004+'Harian 2024'!J1017+'Harian 2024'!J1030+'Harian 2024'!J1043+'Harian 2024'!J1056+'Harian 2024'!J1069+'Harian 2024'!J1082+'Harian 2024'!J1095+'Harian 2024'!J1108+'Harian 2024'!J1121+'Harian 2024'!J1134+'Harian 2024'!J1147+'Harian 2024'!J1160+'Harian 2024'!J1173+'Harian 2024'!J1186 -> 350 | K42: ='Harian 2024'!K796+'Harian 2024'!K809+'Harian 2024'!K822+'Harian 2024'!K835+'Harian 2024'!K848+'Harian 2024'!K861+'Harian 2024'!K874+'Harian 2024'!K887+'Harian 2024'!K900+'Harian 2024'!K913+'Harian 2024'!K926+'Harian 2024'!K939+'Harian 2024'!K952+'Harian 2024'!K965+'Harian 2024'!K978+'Harian 2024'!K991+'Harian 2024'!K1004+'Harian 2024'!K1017+'Harian 2024'!K1030+'Harian 2024'!K1043+'Harian 2024'!K1056+'Harian 2024'!K1069+'Harian 2024'!K1082+'Harian 2024'!K1095+'Harian 2024'!K1108+'Harian 2024'!K1121+'Harian 2024'!K1134+'Harian 2024'!K1147+'Harian 2024'!K1160+'Harian 2024'!K1173+'Harian 2024'!K1186 -> 337 | ... U42: ='Harian 2024'!U796+'Harian 2024'!U809+'Harian 2024'!U822+'Harian 2024'!U835+'Harian 2024'!U848+'Harian 2024'!U861+'Harian 2024'!U874+'Harian 2024'!U887+'Harian 2024'!U900+'Harian 2024'!U913+'Harian 2024'!U926+'Harian 2024'!U939+'Harian 2024'!U952+'Harian 2024'!U965+'Harian 2024'!U978+'Harian 2024'!U991+'Harian 2024'!U1004+'Harian 2024'!U1017+'Harian 2024'!U1030+'Harian 2024'!U1043+'Harian 2024'!U1056+'Harian 2024'!U1069+'Harian 2024'!U1082+'Harian 2024'!U1095+'Harian 2024'!U1108+'Harian 2024'!U1121+'Harian 2024'!U1134+'Harian 2024'!U1147+'Harian 2024'!U1160+'Harian 2024'!U1173+'Harian 2024'!U1186 -> 2210 | V42: =U42 -> 2210 | W42: =V42-U42 -> 0
C43: SPREI | D43: ='Harian 2024'!D797+'Harian 2024'!D810+'Harian 2024'!D823+'Harian 2024'!D836+'Harian 2024'!D849+'Harian 2024'!D862+'Harian 2024'!D875+'Harian 2024'!D888+'Harian 2024'!D901+'Harian 2024'!D914+'Harian 2024'!D927+'Harian 2024'!D940+'Harian 2024'!D953+'Harian 2024'!D966+'Harian 2024'!D979+'Harian 2024'!D992+'Harian 2024'!D1005+'Harian 2024'!D1018+'Harian 2024'!D1031+'Harian 2024'!D1044+'Harian 2024'!D1057+'Harian 2024'!D1070+'Harian 2024'!D1083+'Harian 2024'!D1096+'Harian 2024'!D1109+'Harian 2024'!D1122+'Harian 2024'!D1135+'Harian 2024'!D1148+'Harian 2024'!D1161+'Harian 2024'!D1174+'Harian 2024'!D1187 -> 239 | E43: ='Harian 2024'!E797+'Harian 2024'!E810+'Harian 2024'!E823+'Harian 2024'!E836+'Harian 2024'!E849+'Harian 2024'!E862+'Harian 2024'!E875+'Harian 2024'!E888+'Harian 2024'!E901+'Harian 2024'!E914+'Harian 2024'!E927+'Harian 2024'!E940+'Harian 2024'!E953+'Harian 2024'!E966+'Harian 2024'!E979+'Harian 2024'!E992+'Harian 2024'!E1005+'Harian 2024'!E1018+'Harian 2024'!E1031+'Harian 2024'!E1044+'Harian 2024'!E1057+'Harian 2024'!E1070+'Harian 2024'!E1083+'Harian 2024'!E1096+'Harian 2024'!E1109+'Harian 2024'!E1122+'Harian 2024'!E1135+'Harian 2024'!E1148+'Harian 2024'!E1161+'Harian 2024'!E1174+'Harian 2024'!E1187 -> 255 | F43: ='Harian 2024'!F797+'Harian 2024'!F810+'Harian 2024'!F823+'Harian 2024'!F836+'Harian 2024'!F849+'Harian 2024'!F862+'Harian 2024'!F875+'Harian 2024'!F888+'Harian 2024'!F901+'Harian 2024'!F914+'Harian 2024'!F927+'Harian 2024'!F940+'Harian 2024'!F953+'Harian 2024'!F966+'Harian 2024'!F979+'Harian 2024'!F992+'Harian 2024'!F1005+'Harian 2024'!F1018+'Harian 2024'!F1031+'Harian 2024'!F1044+'Harian 2024'!F1057+'Harian 2024'!F1070+'Harian 2024'!F1083+'Harian 2024'!F1096+'Harian 2024'!F1109+'Harian 2024'!F1122+'Harian 2024'!F1135+'Harian 2024'!F1148+'Harian 2024'!F1161+'Harian 2024'!F1174+'Harian 2024'!F1187 -> 214 | G43: ='Harian 2024'!G797+'Harian 2024'!G810+'Harian 2024'!G823+'Harian 2024'!G836+'Harian 2024'!G849+'Harian 2024'!G862+'Harian 2024'!G875+'Harian 2024'!G888+'Harian 2024'!G901+'Harian 2024'!G914+'Harian 2024'!G927+'Harian 2024'!G940+'Harian 2024'!G953+'Harian 2024'!G966+'Harian 2024'!G979+'Harian 2024'!G992+'Harian 2024'!G1005+'Harian 2024'!G1018+'Harian 2024'!G1031+'Harian 2024'!G1044+'Harian 2024'!G1057+'Harian 2024'!G1070+'Harian 2024'!G1083+'Harian 2024'!G1096+'Harian 2024'!G1109+'Harian 2024'!G1122+'Harian 2024'!G1135+'Harian 2024'!G1148+'Harian 2024'!G1161+'Harian 2024'!G1174+'Harian 2024'!G1187 -> 618 | H43: ='Harian 2024'!H797+'Harian 2024'!H810+'Harian 2024'!H823+'Harian 2024'!H836+'Harian 2024'!H849+'Harian 2024'!H862+'Harian 2024'!H875+'Harian 2024'!H888+'Harian 2024'!H901+'Harian 2024'!H914+'Harian 2024'!H927+'Harian 2024'!H940+'Harian 2024'!H953+'Harian 2024'!H966+'Harian 2024'!H979+'Harian 2024'!H992+'Harian 2024'!H1005+'Harian 2024'!H1018+'Harian 2024'!H1031+'Harian 2024'!H1044+'Harian 2024'!H1057+'Harian 2024'!H1070+'Harian 2024'!H1083+'Harian 2024'!H1096+'Harian 2024'!H1109+'Harian 2024'!H1122+'Harian 2024'!H1135+'Harian 2024'!H1148+'Harian 2024'!H1161+'Harian 2024'!H1174+'Harian 2024'!H1187 -> 717 | I43: ='Harian 2024'!I797+'Harian 2024'!I810+'Harian 2024'!I823+'Harian 2024'!I836+'Harian 2024'!I849+'Harian 2024'!I862+'Harian 2024'!I875+'Harian 2024'!I888+'Harian 2024'!I901+'Harian 2024'!I914+'Harian 2024'!I927+'Harian 2024'!I940+'Harian 2024'!I953+'Harian 2024'!I966+'Harian 2024'!I979+'Harian 2024'!I992+'Harian 2024'!I1005+'Harian 2024'!I1018+'Harian 2024'!I1031+'Harian 2024'!I1044+'Harian 2024'!I1057+'Harian 2024'!I1070+'Harian 2024'!I1083+'Harian 2024'!I1096+'Harian 2024'!I1109+'Harian 2024'!I1122+'Harian 2024'!I1135+'Harian 2024'!I1148+'Harian 2024'!I1161+'Harian 2024'!I1174+'Harian 2024'!I1187 -> 781 | J43: ='Harian 2024'!J797+'Harian 2024'!J810+'Harian 2024'!J823+'Harian 2024'!J836+'Harian 2024'!J849+'Harian 2024'!J862+'Harian 2024'!J875+'Harian 2024'!J888+'Harian 2024'!J901+'Harian 2024'!J914+'Harian 2024'!J927+'Harian 2024'!J940+'Harian 2024'!J953+'Harian 2024'!J966+'Harian 2024'!J979+'Harian 2024'!J992+'Harian 2024'!J1005+'Harian 2024'!J1018+'Harian 2024'!J1031+'Harian 2024'!J1044+'Harian 2024'!J1057+'Harian 2024'!J1070+'Harian 2024'!J1083+'Harian 2024'!J1096+'Harian 2024'!J1109+'Harian 2024'!J1122+'Harian 2024'!J1135+'Harian 2024'!J1148+'Harian 2024'!J1161+'Harian 2024'!J1174+'Harian 2024'!J1187 -> 751 | K43: ='Harian 2024'!K797+'Harian 2024'!K810+'Harian 2024'!K823+'Harian 2024'!K836+'Harian 2024'!K849+'Harian 2024'!K862+'Harian 2024'!K875+'Harian 2024'!K888+'Harian 2024'!K901+'Harian 2024'!K914+'Harian 2024'!K927+'Harian 2024'!K940+'Harian 2024'!K953+'Harian 2024'!K966+'Harian 2024'!K979+'Harian 2024'!K992+'Harian 2024'!K1005+'Harian 2024'!K1018+'Harian 2024'!K1031+'Harian 2024'!K1044+'Harian 2024'!K1057+'Harian 2024'!K1070+'Harian 2024'!K1083+'Harian 2024'!K1096+'Harian 2024'!K1109+'Harian 2024'!K1122+'Harian 2024'!K1135+'Harian 2024'!K1148+'Harian 2024'!K1161+'Harian 2024'!K1174+'Harian 2024'!K1187 -> 781 | ... U43: ='Harian 2024'!U797+'Harian 2024'!U810+'Harian 2024'!U823+'Harian 2024'!U836+'Harian 2024'!U849+'Harian 2024'!U862+'Harian 2024'!U875+'Harian 2024'!U888+'Harian 2024'!U901+'Harian 2024'!U914+'Harian 2024'!U927+'Harian 2024'!U940+'Harian 2024'!U953+'Harian 2024'!U966+'Harian 2024'!U979+'Harian 2024'!U992+'Harian 2024'!U1005+'Harian 2024'!U1018+'Harian 2024'!U1031+'Harian 2024'!U1044+'Harian 2024'!U1057+'Harian 2024'!U1070+'Harian 2024'!U1083+'Harian 2024'!U1096+'Harian 2024'!U1109+'Harian 2024'!U1122+'Harian 2024'!U1135+'Harian 2024'!U1148+'Harian 2024'!U1161+'Harian 2024'!U1174+'Harian 2024'!U1187 -> 5481 | V43: =U43 -> 5481 | W43: =V43-U43 -> 0
C44: SELIMUT | D44: ='Harian 2024'!D798+'Harian 2024'!D811+'Harian 2024'!D824+'Harian 2024'!D837+'Harian 2024'!D850+'Harian 2024'!D863+'Harian 2024'!D876+'Harian 2024'!D889+'Harian 2024'!D902+'Harian 2024'!D915+'Harian 2024'!D928+'Harian 2024'!D941+'Harian 2024'!D954+'Harian 2024'!D967+'Harian 2024'!D980+'Harian 2024'!D993+'Harian 2024'!D1006+'Harian 2024'!D1019+'Harian 2024'!D1032+'Harian 2024'!D1045+'Harian 2024'!D1058+'Harian 2024'!D1071+'Harian 2024'!D1084+'Harian 2024'!D1097+'Harian 2024'!D1110+'Harian 2024'!D1123+'Harian 2024'!D1136+'Harian 2024'!D1149+'Harian 2024'!D1162+'Harian 2024'!D1175+'Harian 2024'!D1188 -> 173 | E44: ='Harian 2024'!E798+'Harian 2024'!E811+'Harian 2024'!E824+'Harian 2024'!E837+'Harian 2024'!E850+'Harian 2024'!E863+'Harian 2024'!E876+'Harian 2024'!E889+'Harian 2024'!E902+'Harian 2024'!E915+'Harian 2024'!E928+'Harian 2024'!E941+'Harian 2024'!E954+'Harian 2024'!E967+'Harian 2024'!E980+'Harian 2024'!E993+'Harian 2024'!E1006+'Harian 2024'!E1019+'Harian 2024'!E1032+'Harian 2024'!E1045+'Harian 2024'!E1058+'Harian 2024'!E1071+'Harian 2024'!E1084+'Harian 2024'!E1097+'Harian 2024'!E1110+'Harian 2024'!E1123+'Harian 2024'!E1136+'Harian 2024'!E1149+'Harian 2024'!E1162+'Harian 2024'!E1175+'Harian 2024'!E1188 -> 296 | F44: ='Harian 2024'!F798+'Harian 2024'!F811+'Harian 2024'!F824+'Harian 2024'!F837+'Harian 2024'!F850+'Harian 2024'!F863+'Harian 2024'!F876+'Harian 2024'!F889+'Harian 2024'!F902+'Harian 2024'!F915+'Harian 2024'!F928+'Harian 2024'!F941+'Harian 2024'!F954+'Harian 2024'!F967+'Harian 2024'!F980+'Harian 2024'!F993+'Harian 2024'!F1006+'Harian 2024'!F1019+'Harian 2024'!F1032+'Harian 2024'!F1045+'Harian 2024'!F1058+'Harian 2024'!F1071+'Harian 2024'!F1084+'Harian 2024'!F1097+'Harian 2024'!F1110+'Harian 2024'!F1123+'Harian 2024'!F1136+'Harian 2024'!F1149+'Harian 2024'!F1162+'Harian 2024'!F1175+'Harian 2024'!F1188 -> 256 | G44: ='Harian 2024'!G798+'Harian 2024'!G811+'Harian 2024'!G824+'Harian 2024'!G837+'Harian 2024'!G850+'Harian 2024'!G863+'Harian 2024'!G876+'Harian 2024'!G889+'Harian 2024'!G902+'Harian 2024'!G915+'Harian 2024'!G928+'Harian 2024'!G941+'Harian 2024'!G954+'Harian 2024'!G967+'Harian 2024'!G980+'Harian 2024'!G993+'Harian 2024'!G1006+'Harian 2024'!G1019+'Harian 2024'!G1032+'Harian 2024'!G1045+'Harian 2024'!G1058+'Harian 2024'!G1071+'Harian 2024'!G1084+'Harian 2024'!G1097+'Harian 2024'!G1110+'Harian 2024'!G1123+'Harian 2024'!G1136+'Harian 2024'!G1149+'Harian 2024'!G1162+'Harian 2024'!G1175+'Harian 2024'!G1188 -> 596 | H44: ='Harian 2024'!H798+'Harian 2024'!H811+'Harian 2024'!H824+'Harian 2024'!H837+'Harian 2024'!H850+'Harian 2024'!H863+'Harian 2024'!H876+'Harian 2024'!H889+'Harian 2024'!H902+'Harian 2024'!H915+'Harian 2024'!H928+'Harian 2024'!H941+'Harian 2024'!H954+'Harian 2024'!H967+'Harian 2024'!H980+'Harian 2024'!H993+'Harian 2024'!H1006+'Harian 2024'!H1019+'Harian 2024'!H1032+'Harian 2024'!H1045+'Harian 2024'!H1058+'Harian 2024'!H1071+'Harian 2024'!H1084+'Harian 2024'!H1097+'Harian 2024'!H1110+'Harian 2024'!H1123+'Harian 2024'!H1136+'Harian 2024'!H1149+'Harian 2024'!H1162+'Harian 2024'!H1175+'Harian 2024'!H1188 -> 742 | I44: ='Harian 2024'!I798+'Harian 2024'!I811+'Harian 2024'!I824+'Harian 2024'!I837+'Harian 2024'!I850+'Harian 2024'!I863+'Harian 2024'!I876+'Harian 2024'!I889+'Harian 2024'!I902+'Harian 2024'!I915+'Harian 2024'!I928+'Harian 2024'!I941+'Harian 2024'!I954+'Harian 2024'!I967+'Harian 2024'!I980+'Harian 2024'!I993+'Harian 2024'!I1006+'Harian 2024'!I1019+'Harian 2024'!I1032+'Harian 2024'!I1045+'Harian 2024'!I1058+'Harian 2024'!I1071+'Harian 2024'!I1084+'Harian 2024'!I1097+'Harian 2024'!I1110+'Harian 2024'!I1123+'Harian 2024'!I1136+'Harian 2024'!I1149+'Harian 2024'!I1162+'Harian 2024'!I1175+'Harian 2024'!I1188 -> 841 | J44: ='Harian 2024'!J798+'Harian 2024'!J811+'Harian 2024'!J824+'Harian 2024'!J837+'Harian 2024'!J850+'Harian 2024'!J863+'Harian 2024'!J876+'Harian 2024'!J889+'Harian 2024'!J902+'Harian 2024'!J915+'Harian 2024'!J928+'Harian 2024'!J941+'Harian 2024'!J954+'Harian 2024'!J967+'Harian 2024'!J980+'Harian 2024'!J993+'Harian 2024'!J1006+'Harian 2024'!J1019+'Harian 2024'!J1032+'Harian 2024'!J1045+'Harian 2024'!J1058+'Harian 2024'!J1071+'Harian 2024'!J1084+'Harian 2024'!J1097+'Harian 2024'!J1110+'Harian 2024'!J1123+'Harian 2024'!J1136+'Harian 2024'!J1149+'Harian 2024'!J1162+'Harian 2024'!J1175+'Harian 2024'!J1188 -> 826 | K44: ='Harian 2024'!K798+'Harian 2024'!K811+'Harian 2024'!K824+'Harian 2024'!K837+'Harian 2024'!K850+'Harian 2024'!K863+'Harian 2024'!K876+'Harian 2024'!K889+'Harian 2024'!K902+'Harian 2024'!K915+'Harian 2024'!K928+'Harian 2024'!K941+'Harian 2024'!K954+'Harian 2024'!K967+'Harian 2024'!K980+'Harian 2024'!K993+'Harian 2024'!K1006+'Harian 2024'!K1019+'Harian 2024'!K1032+'Harian 2024'!K1045+'Harian 2024'!K1058+'Harian 2024'!K1071+'Harian 2024'!K1084+'Harian 2024'!K1097+'Harian 2024'!K1110+'Harian 2024'!K1123+'Harian 2024'!K1136+'Harian 2024'!K1149+'Harian 2024'!K1162+'Harian 2024'!K1175+'Harian 2024'!K1188 -> 829 | ... U44: ='Harian 2024'!U798+'Harian 2024'!U811+'Harian 2024'!U824+'Harian 2024'!U837+'Harian 2024'!U850+'Harian 2024'!U863+'Harian 2024'!U876+'Harian 2024'!U889+'Harian 2024'!U902+'Harian 2024'!U915+'Harian 2024'!U928+'Harian 2024'!U941+'Harian 2024'!U954+'Harian 2024'!U967+'Harian 2024'!U980+'Harian 2024'!U993+'Harian 2024'!U1006+'Harian 2024'!U1019+'Harian 2024'!U1032+'Harian 2024'!U1045+'Harian 2024'!U1058+'Harian 2024'!U1071+'Harian 2024'!U1084+'Harian 2024'!U1097+'Harian 2024'!U1110+'Harian 2024'!U1123+'Harian 2024'!U1136+'Harian 2024'!U1149+'Harian 2024'!U1162+'Harian 2024'!U1175+'Harian 2024'!U1188 -> 5623 | V44: =U44 -> 5623 | W44: =V44-U44 -> 0
C45: SLOP | D45: ='Harian 2024'!D799+'Harian 2024'!D812+'Harian 2024'!D825+'Harian 2024'!D838+'Harian 2024'!D851+'Harian 2024'!D864+'Harian 2024'!D877+'Harian 2024'!D890+'Harian 2024'!D903+'Harian 2024'!D916+'Harian 2024'!D929+'Harian 2024'!D942+'Harian 2024'!D955+'Harian 2024'!D968+'Harian 2024'!D981+'Harian 2024'!D994+'Harian 2024'!D1007+'Harian 2024'!D1020+'Harian 2024'!D1033+'Harian 2024'!D1046+'Harian 2024'!D1059+'Harian 2024'!D1072+'Harian 2024'!D1085+'Harian 2024'!D1098+'Harian 2024'!D1111+'Harian 2024'!D1124+'Harian 2024'!D1137+'Harian 2024'!D1150+'Harian 2024'!D1163+'Harian 2024'!D1176+'Harian 2024'!D1189 -> 168 | E45: ='Harian 2024'!E799+'Harian 2024'!E812+'Harian 2024'!E825+'Harian 2024'!E838+'Harian 2024'!E851+'Harian 2024'!E864+'Harian 2024'!E877+'Harian 2024'!E890+'Harian 2024'!E903+'Harian 2024'!E916+'Harian 2024'!E929+'Harian 2024'!E942+'Harian 2024'!E955+'Harian 2024'!E968+'Harian 2024'!E981+'Harian 2024'!E994+'Harian 2024'!E1007+'Harian 2024'!E1020+'Harian 2024'!E1033+'Harian 2024'!E1046+'Harian 2024'!E1059+'Harian 2024'!E1072+'Harian 2024'!E1085+'Harian 2024'!E1098+'Harian 2024'!E1111+'Harian 2024'!E1124+'Harian 2024'!E1137+'Harian 2024'!E1150+'Harian 2024'!E1163+'Harian 2024'!E1176+'Harian 2024'!E1189 -> 262 | F45: ='Harian 2024'!F799+'Harian 2024'!F812+'Harian 2024'!F825+'Harian 2024'!F838+'Harian 2024'!F851+'Harian 2024'!F864+'Harian 2024'!F877+'Harian 2024'!F890+'Harian 2024'!F903+'Harian 2024'!F916+'Harian 2024'!F929+'Harian 2024'!F942+'Harian 2024'!F955+'Harian 2024'!F968+'Harian 2024'!F981+'Harian 2024'!F994+'Harian 2024'!F1007+'Harian 2024'!F1020+'Harian 2024'!F1033+'Harian 2024'!F1046+'Harian 2024'!F1059+'Harian 2024'!F1072+'Harian 2024'!F1085+'Harian 2024'!F1098+'Harian 2024'!F1111+'Harian 2024'!F1124+'Harian 2024'!F1137+'Harian 2024'!F1150+'Harian 2024'!F1163+'Harian 2024'!F1176+'Harian 2024'!F1189 -> 276 | G45: ='Harian 2024'!G799+'Harian 2024'!G812+'Harian 2024'!G825+'Harian 2024'!G838+'Harian 2024'!G851+'Harian 2024'!G864+'Harian 2024'!G877+'Harian 2024'!G890+'Harian 2024'!G903+'Harian 2024'!G916+'Harian 2024'!G929+'Harian 2024'!G942+'Harian 2024'!G955+'Harian 2024'!G968+'Harian 2024'!G981+'Harian 2024'!G994+'Harian 2024'!G1007+'Harian 2024'!G1020+'Harian 2024'!G1033+'Harian 2024'!G1046+'Harian 2024'!G1059+'Harian 2024'!G1072+'Harian 2024'!G1085+'Harian 2024'!G1098+'Harian 2024'!G1111+'Harian 2024'!G1124+'Harian 2024'!G1137+'Harian 2024'!G1150+'Harian 2024'!G1163+'Harian 2024'!G1176+'Harian 2024'!G1189 -> 743 | H45: ='Harian 2024'!H799+'Harian 2024'!H812+'Harian 2024'!H825+'Harian 2024'!H838+'Harian 2024'!H851+'Harian 2024'!H864+'Harian 2024'!H877+'Harian 2024'!H890+'Harian 2024'!H903+'Harian 2024'!H916+'Harian 2024'!H929+'Harian 2024'!H942+'Harian 2024'!H955+'Harian 2024'!H968+'Harian 2024'!H981+'Harian 2024'!H994+'Harian 2024'!H1007+'Harian 2024'!H1020+'Harian 2024'!H1033+'Harian 2024'!H1046+'Harian 2024'!H1059+'Harian 2024'!H1072+'Harian 2024'!H1085+'Harian 2024'!H1098+'Harian 2024'!H1111+'Harian 2024'!H1124+'Harian 2024'!H1137+'Harian 2024'!H1150+'Harian 2024'!H1163+'Harian 2024'!H1176+'Harian 2024'!H1189 -> 747 | I45: ='Harian 2024'!I799+'Harian 2024'!I812+'Harian 2024'!I825+'Harian 2024'!I838+'Harian 2024'!I851+'Harian 2024'!I864+'Harian 2024'!I877+'Harian 2024'!I890+'Harian 2024'!I903+'Harian 2024'!I916+'Harian 2024'!I929+'Harian 2024'!I942+'Harian 2024'!I955+'Harian 2024'!I968+'Harian 2024'!I981+'Harian 2024'!I994+'Harian 2024'!I1007+'Harian 2024'!I1020+'Harian 2024'!I1033+'Harian 2024'!I1046+'Harian 2024'!I1059+'Harian 2024'!I1072+'Harian 2024'!I1085+'Harian 2024'!I1098+'Harian 2024'!I1111+'Harian 2024'!I1124+'Harian 2024'!I1137+'Harian 2024'!I1150+'Harian 2024'!I1163+'Harian 2024'!I1176+'Harian 2024'!I1189 -> 874 | J45: ='Harian 2024'!J799+'Harian 2024'!J812+'Harian 2024'!J825+'Harian 2024'!J838+'Harian 2024'!J851+'Harian 2024'!J864+'Harian 2024'!J877+'Harian 2024'!J890+'Harian 2024'!J903+'Harian 2024'!J916+'Harian 2024'!J929+'Harian 2024'!J942+'Harian 2024'!J955+'Harian 2024'!J968+'Harian 2024'!J981+'Harian 2024'!J994+'Harian 2024'!J1007+'Harian 2024'!J1020+'Harian 2024'!J1033+'Harian 2024'!J1046+'Harian 2024'!J1059+'Harian 2024'!J1072+'Harian 2024'!J1085+'Harian 2024'!J1098+'Harian 2024'!J1111+'Harian 2024'!J1124+'Harian 2024'!J1137+'Harian 2024'!J1150+'Harian 2024'!J1163+'Harian 2024'!J1176+'Harian 2024'!J1189 -> 828 | K45: ='Harian 2024'!K799+'Harian 2024'!K812+'Harian 2024'!K825+'Harian 2024'!K838+'Harian 2024'!K851+'Harian 2024'!K864+'Harian 2024'!K877+'Harian 2024'!K890+'Harian 2024'!K903+'Harian 2024'!K916+'Harian 2024'!K929+'Harian 2024'!K942+'Harian 2024'!K955+'Harian 2024'!K968+'Harian 2024'!K981+'Harian 2024'!K994+'Harian 2024'!K1007+'Harian 2024'!K1020+'Harian 2024'!K1033+'Harian 2024'!K1046+'Harian 2024'!K1059+'Harian 2024'!K1072+'Harian 2024'!K1085+'Harian 2024'!K1098+'Harian 2024'!K1111+'Harian 2024'!K1124+'Harian 2024'!K1137+'Harian 2024'!K1150+'Harian 2024'!K1163+'Harian 2024'!K1176+'Harian 2024'!K1189 -> 872 | ... U45: ='Harian 2024'!U799+'Harian 2024'!U812+'Harian 2024'!U825+'Harian 2024'!U838+'Harian 2024'!U851+'Harian 2024'!U864+'Harian 2024'!U877+'Harian 2024'!U890+'Harian 2024'!U903+'Harian 2024'!U916+'Harian 2024'!U929+'Harian 2024'!U942+'Harian 2024'!U955+'Harian 2024'!U968+'Harian 2024'!U981+'Harian 2024'!U994+'Harian 2024'!U1007+'Harian 2024'!U1020+'Harian 2024'!U1033+'Harian 2024'!U1046+'Harian 2024'!U1059+'Harian 2024'!U1072+'Harian 2024'!U1085+'Harian 2024'!U1098+'Harian 2024'!U1111+'Harian 2024'!U1124+'Harian 2024'!U1137+'Harian 2024'!U1150+'Harian 2024'!U1163+'Harian 2024'!U1176+'Harian 2024'!U1189 -> 5617 | V45: =U45 -> 5617 | W45: =V45-U45 -> 0
C46: STIK | D46: ='Harian 2024'!D800+'Harian 2024'!D813+'Harian 2024'!D826+'Harian 2024'!D839+'Harian 2024'!D852+'Harian 2024'!D865+'Harian 2024'!D878+'Harian 2024'!D891+'Harian 2024'!D904+'Harian 2024'!D917+'Harian 2024'!D930+'Harian 2024'!D943+'Harian 2024'!D956+'Harian 2024'!D969+'Harian 2024'!D982+'Harian 2024'!D995+'Harian 2024'!D1008+'Harian 2024'!D1021+'Harian 2024'!D1034+'Harian 2024'!D1047+'Harian 2024'!D1060+'Harian 2024'!D1073+'Harian 2024'!D1086+'Harian 2024'!D1099+'Harian 2024'!D1112+'Harian 2024'!D1125+'Harian 2024'!D1138+'Harian 2024'!D1151+'Harian 2024'!D1164+'Harian 2024'!D1177+'Harian 2024'!D1190 -> 115 | E46: ='Harian 2024'!E800+'Harian 2024'!E813+'Harian 2024'!E826+'Harian 2024'!E839+'Harian 2024'!E852+'Harian 2024'!E865+'Harian 2024'!E878+'Harian 2024'!E891+'Harian 2024'!E904+'Harian 2024'!E917+'Harian 2024'!E930+'Harian 2024'!E943+'Harian 2024'!E956+'Harian 2024'!E969+'Harian 2024'!E982+'Harian 2024'!E995+'Harian 2024'!E1008+'Harian 2024'!E1021+'Harian 2024'!E1034+'Harian 2024'!E1047+'Harian 2024'!E1060+'Harian 2024'!E1073+'Harian 2024'!E1086+'Harian 2024'!E1099+'Harian 2024'!E1112+'Harian 2024'!E1125+'Harian 2024'!E1138+'Harian 2024'!E1151+'Harian 2024'!E1164+'Harian 2024'!E1177+'Harian 2024'!E1190 -> 283 | F46: ='Harian 2024'!F800+'Harian 2024'!F813+'Harian 2024'!F826+'Harian 2024'!F839+'Harian 2024'!F852+'Harian 2024'!F865+'Harian 2024'!F878+'Harian 2024'!F891+'Harian 2024'!F904+'Harian 2024'!F917+'Harian 2024'!F930+'Harian 2024'!F943+'Harian 2024'!F956+'Harian 2024'!F969+'Harian 2024'!F982+'Harian 2024'!F995+'Harian 2024'!F1008+'Harian 2024'!F1021+'Harian 2024'!F1034+'Harian 2024'!F1047+'Harian 2024'!F1060+'Harian 2024'!F1073+'Harian 2024'!F1086+'Harian 2024'!F1099+'Harian 2024'!F1112+'Harian 2024'!F1125+'Harian 2024'!F1138+'Harian 2024'!F1151+'Harian 2024'!F1164+'Harian 2024'!F1177+'Harian 2024'!F1190 -> 246 | G46: ='Harian 2024'!G800+'Harian 2024'!G813+'Harian 2024'!G826+'Harian 2024'!G839+'Harian 2024'!G852+'Harian 2024'!G865+'Harian 2024'!G878+'Harian 2024'!G891+'Harian 2024'!G904+'Harian 2024'!G917+'Harian 2024'!G930+'Harian 2024'!G943+'Harian 2024'!G956+'Harian 2024'!G969+'Harian 2024'!G982+'Harian 2024'!G995+'Harian 2024'!G1008+'Harian 2024'!G1021+'Harian 2024'!G1034+'Harian 2024'!G1047+'Harian 2024'!G1060+'Harian 2024'!G1073+'Harian 2024'!G1086+'Harian 2024'!G1099+'Harian 2024'!G1112+'Harian 2024'!G1125+'Harian 2024'!G1138+'Harian 2024'!G1151+'Harian 2024'!G1164+'Harian 2024'!G1177+'Harian 2024'!G1190 -> 7 | H46: ='Harian 2024'!H800+'Harian 2024'!H813+'Harian 2024'!H826+'Harian 2024'!H839+'Harian 2024'!H852+'Harian 2024'!H865+'Harian 2024'!H878+'Harian 2024'!H891+'Harian 2024'!H904+'Harian 2024'!H917+'Harian 2024'!H930+'Harian 2024'!H943+'Harian 2024'!H956+'Harian 2024'!H969+'Harian 2024'!H982+'Harian 2024'!H995+'Harian 2024'!H1008+'Harian 2024'!H1021+'Harian 2024'!H1034+'Harian 2024'!H1047+'Harian 2024'!H1060+'Harian 2024'!H1073+'Harian 2024'!H1086+'Harian 2024'!H1099+'Harian 2024'!H1112+'Harian 2024'!H1125+'Harian 2024'!H1138+'Harian 2024'!H1151+'Harian 2024'!H1164+'Harian 2024'!H1177+'Harian 2024'!H1190 -> 0 | I46: ='Harian 2024'!I800+'Harian 2024'!I813+'Harian 2024'!I826+'Harian 2024'!I839+'Harian 2024'!I852+'Harian 2024'!I865+'Harian 2024'!I878+'Harian 2024'!I891+'Harian 2024'!I904+'Harian 2024'!I917+'Harian 2024'!I930+'Harian 2024'!I943+'Harian 2024'!I956+'Harian 2024'!I969+'Harian 2024'!I982+'Harian 2024'!I995+'Harian 2024'!I1008+'Harian 2024'!I1021+'Harian 2024'!I1034+'Harian 2024'!I1047+'Harian 2024'!I1060+'Harian 2024'!I1073+'Harian 2024'!I1086+'Harian 2024'!I1099+'Harian 2024'!I1112+'Harian 2024'!I1125+'Harian 2024'!I1138+'Harian 2024'!I1151+'Harian 2024'!I1164+'Harian 2024'!I1177+'Harian 2024'!I1190 -> 0 | J46: ='Harian 2024'!J800+'Harian 2024'!J813+'Harian 2024'!J826+'Harian 2024'!J839+'Harian 2024'!J852+'Harian 2024'!J865+'Harian 2024'!J878+'Harian 2024'!J891+'Harian 2024'!J904+'Harian 2024'!J917+'Harian 2024'!J930+'Harian 2024'!J943+'Harian 2024'!J956+'Harian 2024'!J969+'Harian 2024'!J982+'Harian 2024'!J995+'Harian 2024'!J1008+'Harian 2024'!J1021+'Harian 2024'!J1034+'Harian 2024'!J1047+'Harian 2024'!J1060+'Harian 2024'!J1073+'Harian 2024'!J1086+'Harian 2024'!J1099+'Harian 2024'!J1112+'Harian 2024'!J1125+'Harian 2024'!J1138+'Harian 2024'!J1151+'Harian 2024'!J1164+'Harian 2024'!J1177+'Harian 2024'!J1190 -> 0 | K46: ='Harian 2024'!K800+'Harian 2024'!K813+'Harian 2024'!K826+'Harian 2024'!K839+'Harian 2024'!K852+'Harian 2024'!K865+'Harian 2024'!K878+'Harian 2024'!K891+'Harian 2024'!K904+'Harian 2024'!K917+'Harian 2024'!K930+'Harian 2024'!K943+'Harian 2024'!K956+'Harian 2024'!K969+'Harian 2024'!K982+'Harian 2024'!K995+'Harian 2024'!K1008+'Harian 2024'!K1021+'Harian 2024'!K1034+'Harian 2024'!K1047+'Harian 2024'!K1060+'Harian 2024'!K1073+'Harian 2024'!K1086+'Harian 2024'!K1099+'Harian 2024'!K1112+'Harian 2024'!K1125+'Harian 2024'!K1138+'Harian 2024'!K1151+'Harian 2024'!K1164+'Harian 2024'!K1177+'Harian 2024'!K1190 -> 1 | ... U46: ='Harian 2024'!U800+'Harian 2024'!U813+'Harian 2024'!U826+'Harian 2024'!U839+'Harian 2024'!U852+'Harian 2024'!U865+'Harian 2024'!U878+'Harian 2024'!U891+'Harian 2024'!U904+'Harian 2024'!U917+'Harian 2024'!U930+'Harian 2024'!U943+'Harian 2024'!U956+'Harian 2024'!U969+'Harian 2024'!U982+'Harian 2024'!U995+'Harian 2024'!U1008+'Harian 2024'!U1021+'Harian 2024'!U1034+'Harian 2024'!U1047+'Harian 2024'!U1060+'Harian 2024'!U1073+'Harian 2024'!U1086+'Harian 2024'!U1099+'Harian 2024'!U1112+'Harian 2024'!U1125+'Harian 2024'!U1138+'Harian 2024'!U1151+'Harian 2024'!U1164+'Harian 2024'!U1177+'Harian 2024'!U1190 -> 799 | V46: =U46 -> 799 | W46: =V46-U46 -> 0
C47: PERLAK | D47: ='Harian 2024'!D801+'Harian 2024'!D814+'Harian 2024'!D827+'Harian 2024'!D840+'Harian 2024'!D853+'Harian 2024'!D866+'Harian 2024'!D879+'Harian 2024'!D892+'Harian 2024'!D905+'Harian 2024'!D918+'Harian 2024'!D931+'Harian 2024'!D944+'Harian 2024'!D957+'Harian 2024'!D970+'Harian 2024'!D983+'Harian 2024'!D996+'Harian 2024'!D1009+'Harian 2024'!D1022+'Harian 2024'!D1035+'Harian 2024'!D1048+'Harian 2024'!D1061+'Harian 2024'!D1074+'Harian 2024'!D1087+'Harian 2024'!D1100+'Harian 2024'!D1113+'Harian 2024'!D1126+'Harian 2024'!D1139+'Harian 2024'!D1152+'Harian 2024'!D1165+'Harian 2024'!D1178+'Harian 2024'!D1191 -> 86 | E47: ='Harian 2024'!E801+'Harian 2024'!E814+'Harian 2024'!E827+'Harian 2024'!E840+'Harian 2024'!E853+'Harian 2024'!E866+'Harian 2024'!E879+'Harian 2024'!E892+'Harian 2024'!E905+'Harian 2024'!E918+'Harian 2024'!E931+'Harian 2024'!E944+'Harian 2024'!E957+'Harian 2024'!E970+'Harian 2024'!E983+'Harian 2024'!E996+'Harian 2024'!E1009+'Harian 2024'!E1022+'Harian 2024'!E1035+'Harian 2024'!E1048+'Harian 2024'!E1061+'Harian 2024'!E1074+'Harian 2024'!E1087+'Harian 2024'!E1100+'Harian 2024'!E1113+'Harian 2024'!E1126+'Harian 2024'!E1139+'Harian 2024'!E1152+'Harian 2024'!E1165+'Harian 2024'!E1178+'Harian 2024'!E1191 -> 199 | F47: ='Harian 2024'!F801+'Harian 2024'!F814+'Harian 2024'!F827+'Harian 2024'!F840+'Harian 2024'!F853+'Harian 2024'!F866+'Harian 2024'!F879+'Harian 2024'!F892+'Harian 2024'!F905+'Harian 2024'!F918+'Harian 2024'!F931+'Harian 2024'!F944+'Harian 2024'!F957+'Harian 2024'!F970+'Harian 2024'!F983+'Harian 2024'!F996+'Harian 2024'!F1009+'Harian 2024'!F1022+'Harian 2024'!F1035+'Harian 2024'!F1048+'Harian 2024'!F1061+'Harian 2024'!F1074+'Harian 2024'!F1087+'Harian 2024'!F1100+'Harian 2024'!F1113+'Harian 2024'!F1126+'Harian 2024'!F1139+'Harian 2024'!F1152+'Harian 2024'!F1165+'Harian 2024'!F1178+'Harian 2024'!F1191 -> 174 | G47: ='Harian 2024'!G801+'Harian 2024'!G814+'Harian 2024'!G827+'Harian 2024'!G840+'Harian 2024'!G853+'Harian 2024'!G866+'Harian 2024'!G879+'Harian 2024'!G892+'Harian 2024'!G905+'Harian 2024'!G918+'Harian 2024'!G931+'Harian 2024'!G944+'Harian 2024'!G957+'Harian 2024'!G970+'Harian 2024'!G983+'Harian 2024'!G996+'Harian 2024'!G1009+'Harian 2024'!G1022+'Harian 2024'!G1035+'Harian 2024'!G1048+'Harian 2024'!G1061+'Harian 2024'!G1074+'Harian 2024'!G1087+'Harian 2024'!G1100+'Harian 2024'!G1113+'Harian 2024'!G1126+'Harian 2024'!G1139+'Harian 2024'!G1152+'Harian 2024'!G1165+'Harian 2024'!G1178+'Harian 2024'!G1191 -> 0 | H47: ='Harian 2024'!H801+'Harian 2024'!H814+'Harian 2024'!H827+'Harian 2024'!H840+'Harian 2024'!H853+'Harian 2024'!H866+'Harian 2024'!H879+'Harian 2024'!H892+'Harian 2024'!H905+'Harian 2024'!H918+'Harian 2024'!H931+'Harian 2024'!H944+'Harian 2024'!H957+'Harian 2024'!H970+'Harian 2024'!H983+'Harian 2024'!H996+'Harian 2024'!H1009+'Harian 2024'!H1022+'Harian 2024'!H1035+'Harian 2024'!H1048+'Harian 2024'!H1061+'Harian 2024'!H1074+'Harian 2024'!H1087+'Harian 2024'!H1100+'Harian 2024'!H1113+'Harian 2024'!H1126+'Harian 2024'!H1139+'Harian 2024'!H1152+'Harian 2024'!H1165+'Harian 2024'!H1178+'Harian 2024'!H1191 -> 0 | I47: ='Harian 2024'!I801+'Harian 2024'!I814+'Harian 2024'!I827+'Harian 2024'!I840+'Harian 2024'!I853+'Harian 2024'!I866+'Harian 2024'!I879+'Harian 2024'!I892+'Harian 2024'!I905+'Harian 2024'!I918+'Harian 2024'!I931+'Harian 2024'!I944+'Harian 2024'!I957+'Harian 2024'!I970+'Harian 2024'!I983+'Harian 2024'!I996+'Harian 2024'!I1009+'Harian 2024'!I1022+'Harian 2024'!I1035+'Harian 2024'!I1048+'Harian 2024'!I1061+'Harian 2024'!I1074+'Harian 2024'!I1087+'Harian 2024'!I1100+'Harian 2024'!I1113+'Harian 2024'!I1126+'Harian 2024'!I1139+'Harian 2024'!I1152+'Harian 2024'!I1165+'Harian 2024'!I1178+'Harian 2024'!I1191 -> 0 | J47: ='Harian 2024'!J801+'Harian 2024'!J814+'Harian 2024'!J827+'Harian 2024'!J840+'Harian 2024'!J853+'Harian 2024'!J866+'Harian 2024'!J879+'Harian 2024'!J892+'Harian 2024'!J905+'Harian 2024'!J918+'Harian 2024'!J931+'Harian 2024'!J944+'Harian 2024'!J957+'Harian 2024'!J970+'Harian 2024'!J983+'Harian 2024'!J996+'Harian 2024'!J1009+'Harian 2024'!J1022+'Harian 2024'!J1035+'Harian 2024'!J1048+'Harian 2024'!J1061+'Harian 2024'!J1074+'Harian 2024'!J1087+'Harian 2024'!J1100+'Harian 2024'!J1113+'Harian 2024'!J1126+'Harian 2024'!J1139+'Harian 2024'!J1152+'Harian 2024'!J1165+'Harian 2024'!J1178+'Harian 2024'!J1191 -> 0 | K47: ='Harian 2024'!K801+'Harian 2024'!K814+'Harian 2024'!K827+'Harian 2024'!K840+'Harian 2024'!K853+'Harian 2024'!K866+'Harian 2024'!K879+'Harian 2024'!K892+'Harian 2024'!K905+'Harian 2024'!K918+'Harian 2024'!K931+'Harian 2024'!K944+'Harian 2024'!K957+'Harian 2024'!K970+'Harian 2024'!K983+'Harian 2024'!K996+'Harian 2024'!K1009+'Harian 2024'!K1022+'Harian 2024'!K1035+'Harian 2024'!K1048+'Harian 2024'!K1061+'Harian 2024'!K1074+'Harian 2024'!K1087+'Harian 2024'!K1100+'Harian 2024'!K1113+'Harian 2024'!K1126+'Harian 2024'!K1139+'Harian 2024'!K1152+'Harian 2024'!K1165+'Harian 2024'!K1178+'Harian 2024'!K1191 -> 0 | ... U47: ='Harian 2024'!U801+'Harian 2024'!U814+'Harian 2024'!U827+'Harian 2024'!U840+'Harian 2024'!U853+'Harian 2024'!U866+'Harian 2024'!U879+'Harian 2024'!U892+'Harian 2024'!U905+'Harian 2024'!U918+'Harian 2024'!U931+'Harian 2024'!U944+'Harian 2024'!U957+'Harian 2024'!U970+'Harian 2024'!U983+'Harian 2024'!U996+'Harian 2024'!U1009+'Harian 2024'!U1022+'Harian 2024'!U1035+'Harian 2024'!U1048+'Harian 2024'!U1061+'Harian 2024'!U1074+'Harian 2024'!U1087+'Harian 2024'!U1100+'Harian 2024'!U1113+'Harian 2024'!U1126+'Harian 2024'!U1139+'Harian 2024'!U1152+'Harian 2024'!U1165+'Harian 2024'!U1178+'Harian 2024'!U1191 -> 584 | V47: =U47 -> 584 | W47: =V47-U47 -> 0
C48: DLL | D48: ='Harian 2024'!D802+'Harian 2024'!D815+'Harian 2024'!D828+'Harian 2024'!D841+'Harian 2024'!D854+'Harian 2024'!D867+'Harian 2024'!D880+'Harian 2024'!D893+'Harian 2024'!D906+'Harian 2024'!D919+'Harian 2024'!D932+'Harian 2024'!D945+'Harian 2024'!D958+'Harian 2024'!D971+'Harian 2024'!D984+'Harian 2024'!D997+'Harian 2024'!D1010+'Harian 2024'!D1023+'Harian 2024'!D1036+'Harian 2024'!D1049+'Harian 2024'!D1062+'Harian 2024'!D1075+'Harian 2024'!D1088+'Harian 2024'!D1101+'Harian 2024'!D1114+'Harian 2024'!D1127+'Harian 2024'!D1140+'Harian 2024'!D1153+'Harian 2024'!D1166+'Harian 2024'!D1179+'Harian 2024'!D1192 -> 24 | E48: ='Harian 2024'!E802+'Harian 2024'!E815+'Harian 2024'!E828+'Harian 2024'!E841+'Harian 2024'!E854+'Harian 2024'!E867+'Harian 2024'!E880+'Harian 2024'!E893+'Harian 2024'!E906+'Harian 2024'!E919+'Harian 2024'!E932+'Harian 2024'!E945+'Harian 2024'!E958+'Harian 2024'!E971+'Harian 2024'!E984+'Harian 2024'!E997+'Harian 2024'!E1010+'Harian 2024'!E1023+'Harian 2024'!E1036+'Harian 2024'!E1049+'Harian 2024'!E1062+'Harian 2024'!E1075+'Harian 2024'!E1088+'Harian 2024'!E1101+'Harian 2024'!E1114+'Harian 2024'!E1127+'Harian 2024'!E1140+'Harian 2024'!E1153+'Harian 2024'!E1166+'Harian 2024'!E1179+'Harian 2024'!E1192 -> 11 | F48: ='Harian 2024'!F802+'Harian 2024'!F815+'Harian 2024'!F828+'Harian 2024'!F841+'Harian 2024'!F854+'Harian 2024'!F867+'Harian 2024'!F880+'Harian 2024'!F893+'Harian 2024'!F906+'Harian 2024'!F919+'Harian 2024'!F932+'Harian 2024'!F945+'Harian 2024'!F958+'Harian 2024'!F971+'Harian 2024'!F984+'Harian 2024'!F997+'Harian 2024'!F1010+'Harian 2024'!F1023+'Harian 2024'!F1036+'Harian 2024'!F1049+'Harian 2024'!F1062+'Harian 2024'!F1075+'Harian 2024'!F1088+'Harian 2024'!F1101+'Harian 2024'!F1114+'Harian 2024'!F1127+'Harian 2024'!F1140+'Harian 2024'!F1153+'Harian 2024'!F1166+'Harian 2024'!F1179+'Harian 2024'!F1192 -> 20 | G48: ='Harian 2024'!G802+'Harian 2024'!G815+'Harian 2024'!G828+'Harian 2024'!G841+'Harian 2024'!G854+'Harian 2024'!G867+'Harian 2024'!G880+'Harian 2024'!G893+'Harian 2024'!G906+'Harian 2024'!G919+'Harian 2024'!G932+'Harian 2024'!G945+'Harian 2024'!G958+'Harian 2024'!G971+'Harian 2024'!G984+'Harian 2024'!G997+'Harian 2024'!G1010+'Harian 2024'!G1023+'Harian 2024'!G1036+'Harian 2024'!G1049+'Harian 2024'!G1062+'Harian 2024'!G1075+'Harian 2024'!G1088+'Harian 2024'!G1101+'Harian 2024'!G1114+'Harian 2024'!G1127+'Harian 2024'!G1140+'Harian 2024'!G1153+'Harian 2024'!G1166+'Harian 2024'!G1179+'Harian 2024'!G1192 -> 225 | H48: ='Harian 2024'!H802+'Harian 2024'!H815+'Harian 2024'!H828+'Harian 2024'!H841+'Harian 2024'!H854+'Harian 2024'!H867+'Harian 2024'!H880+'Harian 2024'!H893+'Harian 2024'!H906+'Harian 2024'!H919+'Harian 2024'!H932+'Harian 2024'!H945+'Harian 2024'!H958+'Harian 2024'!H971+'Harian 2024'!H984+'Harian 2024'!H997+'Harian 2024'!H1010+'Harian 2024'!H1023+'Harian 2024'!H1036+'Harian 2024'!H1049+'Harian 2024'!H1062+'Harian 2024'!H1075+'Harian 2024'!H1088+'Harian 2024'!H1101+'Harian 2024'!H1114+'Harian 2024'!H1127+'Harian 2024'!H1140+'Harian 2024'!H1153+'Harian 2024'!H1166+'Harian 2024'!H1179+'Harian 2024'!H1192 -> 528 | I48: ='Harian 2024'!I802+'Harian 2024'!I815+'Harian 2024'!I828+'Harian 2024'!I841+'Harian 2024'!I854+'Harian 2024'!I867+'Harian 2024'!I880+'Harian 2024'!I893+'Harian 2024'!I906+'Harian 2024'!I919+'Harian 2024'!I932+'Harian 2024'!I945+'Harian 2024'!I958+'Harian 2024'!I971+'Harian 2024'!I984+'Harian 2024'!I997+'Harian 2024'!I1010+'Harian 2024'!I1023+'Harian 2024'!I1036+'Harian 2024'!I1049+'Harian 2024'!I1062+'Harian 2024'!I1075+'Harian 2024'!I1088+'Harian 2024'!I1101+'Harian 2024'!I1114+'Harian 2024'!I1127+'Harian 2024'!I1140+'Harian 2024'!I1153+'Harian 2024'!I1166+'Harian 2024'!I1179+'Harian 2024'!I1192 -> 266 | J48: ='Harian 2024'!J802+'Harian 2024'!J815+'Harian 2024'!J828+'Harian 2024'!J841+'Harian 2024'!J854+'Harian 2024'!J867+'Harian 2024'!J880+'Harian 2024'!J893+'Harian 2024'!J906+'Harian 2024'!J919+'Harian 2024'!J932+'Harian 2024'!J945+'Harian 2024'!J958+'Harian 2024'!J971+'Harian 2024'!J984+'Harian 2024'!J997+'Harian 2024'!J1010+'Harian 2024'!J1023+'Harian 2024'!J1036+'Harian 2024'!J1049+'Harian 2024'!J1062+'Harian 2024'!J1075+'Harian 2024'!J1088+'Harian 2024'!J1101+'Harian 2024'!J1114+'Harian 2024'!J1127+'Harian 2024'!J1140+'Harian 2024'!J1153+'Harian 2024'!J1166+'Harian 2024'!J1179+'Harian 2024'!J1192 -> 274 | K48: ='Harian 2024'!K802+'Harian 2024'!K815+'Harian 2024'!K828+'Harian 2024'!K841+'Harian 2024'!K854+'Harian 2024'!K867+'Harian 2024'!K880+'Harian 2024'!K893+'Harian 2024'!K906+'Harian 2024'!K919+'Harian 2024'!K932+'Harian 2024'!K945+'Harian 2024'!K958+'Harian 2024'!K971+'Harian 2024'!K984+'Harian 2024'!K997+'Harian 2024'!K1010+'Harian 2024'!K1023+'Harian 2024'!K1036+'Harian 2024'!K1049+'Harian 2024'!K1062+'Harian 2024'!K1075+'Harian 2024'!K1088+'Harian 2024'!K1101+'Harian 2024'!K1114+'Harian 2024'!K1127+'Harian 2024'!K1140+'Harian 2024'!K1153+'Harian 2024'!K1166+'Harian 2024'!K1179+'Harian 2024'!K1192 -> 304 | ... U48: ='Harian 2024'!U802+'Harian 2024'!U815+'Harian 2024'!U828+'Harian 2024'!U841+'Harian 2024'!U854+'Harian 2024'!U867+'Harian 2024'!U880+'Harian 2024'!U893+'Harian 2024'!U906+'Harian 2024'!U919+'Harian 2024'!U932+'Harian 2024'!U945+'Harian 2024'!U958+'Harian 2024'!U971+'Harian 2024'!U984+'Harian 2024'!U997+'Harian 2024'!U1010+'Harian 2024'!U1023+'Harian 2024'!U1036+'Harian 2024'!U1049+'Harian 2024'!U1062+'Harian 2024'!U1075+'Harian 2024'!U1088+'Harian 2024'!U1101+'Harian 2024'!U1114+'Harian 2024'!U1127+'Harian 2024'!U1140+'Harian 2024'!U1153+'Harian 2024'!U1166+'Harian 2024'!U1179+'Harian 2024'!U1192 -> 2462 | V48: =U48 -> 2462 | W48: =V48-U48 -> 0
C49: SUB JUMLAH | D49: =SUM(D40:D48) -> 814 | E49: =SUM(E40:E48) -> 1311 | F49: =SUM(F40:F48) -> 1208 | G49: =SUM(G40:G48) -> 3867 | H49: =SUM(H40:H48) -> 4566 | I49: =SUM(I40:I48) -> 4744 | J49: =SUM(J40:J48) -> 4690 | K49: =SUM(K40:K48) -> 4940 | ... U49: =SUM(U40:U48) -> 32761 | V49: =U49 -> 32761 | W49: =V49-U49 -> 0
A53: PENGELOLAAN LINEN INSTALASI LAUNDRY (POTONG)
A54: RSJD Dr RM SOEDJARWADI PROVINSI JAWA TENGAH
A55: BULAN APRIL 2026
A57: NO | B57: BULAN | C57: JENIS LINEN | D57: =D5 -> ANGGREK | E57: =E5 -> BOUGENVIL | F57: =F5 -> CAMELIA II | G57: =G5 -> DEWANDARU | H57: =H5 -> EDELWEIS | I57: =I5 -> FLAMBOYAN | J57: =J5 -> GERANIUM | K57: =K5 -> HELIKONIA | ... U57: =U5 -> Ʃ Masuk | V57: Ʃ Kirim | W57: SELISIH
B58: APRIL | C58: BAJU | D58: ='Harian 2024'!D1206+'Harian 2024'!D1219+'Harian 2024'!D1232+'Harian 2024'!D1245+'Harian 2024'!D1258+'Harian 2024'!D1271+'Harian 2024'!D1284+'Harian 2024'!D1297+'Harian 2024'!D1310+'Harian 2024'!D1323+'Harian 2024'!D1336+'Harian 2024'!D1349+'Harian 2024'!D1362+'Harian 2024'!D1375+'Harian 2024'!D1388+'Harian 2024'!D1401+'Harian 2024'!D1414+'Harian 2024'!D1427+'Harian 2024'!D1440+'Harian 2024'!D1453+'Harian 2024'!D1466+'Harian 2024'!D1479+'Harian 2024'!D1492+'Harian 2024'!D1505+'Harian 2024'!D1518+'Harian 2024'!D1531+'Harian 2024'!D1544+'Harian 2024'!D1557+'Harian 2024'!D1570+'Harian 2024'!D1583 -> 0 | E58: ='Harian 2024'!E1206+'Harian 2024'!E1219+'Harian 2024'!E1232+'Harian 2024'!E1245+'Harian 2024'!E1258+'Harian 2024'!E1271+'Harian 2024'!E1284+'Harian 2024'!E1297+'Harian 2024'!E1310+'Harian 2024'!E1323+'Harian 2024'!E1336+'Harian 2024'!E1349+'Harian 2024'!E1362+'Harian 2024'!E1375+'Harian 2024'!E1388+'Harian 2024'!E1401+'Harian 2024'!E1414+'Harian 2024'!E1427+'Harian 2024'!E1440+'Harian 2024'!E1453+'Harian 2024'!E1466+'Harian 2024'!E1479+'Harian 2024'!E1492+'Harian 2024'!E1505+'Harian 2024'!E1518+'Harian 2024'!E1531+'Harian 2024'!E1544+'Harian 2024'!E1557+'Harian 2024'!E1570+'Harian 2024'!E1583 -> 1 | F58: ='Harian 2024'!F1206+'Harian 2024'!F1219+'Harian 2024'!F1232+'Harian 2024'!F1245+'Harian 2024'!F1258+'Harian 2024'!F1271+'Harian 2024'!F1284+'Harian 2024'!F1297+'Harian 2024'!F1310+'Harian 2024'!F1323+'Harian 2024'!F1336+'Harian 2024'!F1349+'Harian 2024'!F1362+'Harian 2024'!F1375+'Harian 2024'!F1388+'Harian 2024'!F1401+'Harian 2024'!F1414+'Harian 2024'!F1427+'Harian 2024'!F1440+'Harian 2024'!F1453+'Harian 2024'!F1466+'Harian 2024'!F1479+'Harian 2024'!F1492+'Harian 2024'!F1505+'Harian 2024'!F1518+'Harian 2024'!F1531+'Harian 2024'!F1544+'Harian 2024'!F1557+'Harian 2024'!F1570+'Harian 2024'!F1583 -> 1 | G58: ='Harian 2024'!G1206+'Harian 2024'!G1219+'Harian 2024'!G1232+'Harian 2024'!G1245+'Harian 2024'!G1258+'Harian 2024'!G1271+'Harian 2024'!G1284+'Harian 2024'!G1297+'Harian 2024'!G1310+'Harian 2024'!G1323+'Harian 2024'!G1336+'Harian 2024'!G1349+'Harian 2024'!G1362+'Harian 2024'!G1375+'Harian 2024'!G1388+'Harian 2024'!G1401+'Harian 2024'!G1414+'Harian 2024'!G1427+'Harian 2024'!G1440+'Harian 2024'!G1453+'Harian 2024'!G1466+'Harian 2024'!G1479+'Harian 2024'!G1492+'Harian 2024'!G1505+'Harian 2024'!G1518+'Harian 2024'!G1531+'Harian 2024'!G1544+'Harian 2024'!G1557+'Harian 2024'!G1570+'Harian 2024'!G1583 -> 697 | H58: ='Harian 2024'!H1206+'Harian 2024'!H1219+'Harian 2024'!H1232+'Harian 2024'!H1245+'Harian 2024'!H1258+'Harian 2024'!H1271+'Harian 2024'!H1284+'Harian 2024'!H1297+'Harian 2024'!H1310+'Harian 2024'!H1323+'Harian 2024'!H1336+'Harian 2024'!H1349+'Harian 2024'!H1362+'Harian 2024'!H1375+'Harian 2024'!H1388+'Harian 2024'!H1401+'Harian 2024'!H1414+'Harian 2024'!H1427+'Harian 2024'!H1440+'Harian 2024'!H1453+'Harian 2024'!H1466+'Harian 2024'!H1479+'Harian 2024'!H1492+'Harian 2024'!H1505+'Harian 2024'!H1518+'Harian 2024'!H1531+'Harian 2024'!H1544+'Harian 2024'!H1557+'Harian 2024'!H1570+'Harian 2024'!H1583 -> 644 | I58: ='Harian 2024'!I1206+'Harian 2024'!I1219+'Harian 2024'!I1232+'Harian 2024'!I1245+'Harian 2024'!I1258+'Harian 2024'!I1271+'Harian 2024'!I1284+'Harian 2024'!I1297+'Harian 2024'!I1310+'Harian 2024'!I1323+'Harian 2024'!I1336+'Harian 2024'!I1349+'Harian 2024'!I1362+'Harian 2024'!I1375+'Harian 2024'!I1388+'Harian 2024'!I1401+'Harian 2024'!I1414+'Harian 2024'!I1427+'Harian 2024'!I1440+'Harian 2024'!I1453+'Harian 2024'!I1466+'Harian 2024'!I1479+'Harian 2024'!I1492+'Harian 2024'!I1505+'Harian 2024'!I1518+'Harian 2024'!I1531+'Harian 2024'!I1544+'Harian 2024'!I1557+'Harian 2024'!I1570+'Harian 2024'!I1583 -> 836 | J58: ='Harian 2024'!J1206+'Harian 2024'!J1219+'Harian 2024'!J1232+'Harian 2024'!J1245+'Harian 2024'!J1258+'Harian 2024'!J1271+'Harian 2024'!J1284+'Harian 2024'!J1297+'Harian 2024'!J1310+'Harian 2024'!J1323+'Harian 2024'!J1336+'Harian 2024'!J1349+'Harian 2024'!J1362+'Harian 2024'!J1375+'Harian 2024'!J1388+'Harian 2024'!J1401+'Harian 2024'!J1414+'Harian 2024'!J1427+'Harian 2024'!J1440+'Harian 2024'!J1453+'Harian 2024'!J1466+'Harian 2024'!J1479+'Harian 2024'!J1492+'Harian 2024'!J1505+'Harian 2024'!J1518+'Harian 2024'!J1531+'Harian 2024'!J1544+'Harian 2024'!J1557+'Harian 2024'!J1570+'Harian 2024'!J1583 -> 839 | K58: ='Harian 2024'!K1206+'Harian 2024'!K1219+'Harian 2024'!K1232+'Harian 2024'!K1245+'Harian 2024'!K1258+'Harian 2024'!K1271+'Harian 2024'!K1284+'Harian 2024'!K1297+'Harian 2024'!K1310+'Harian 2024'!K1323+'Harian 2024'!K1336+'Harian 2024'!K1349+'Harian 2024'!K1362+'Harian 2024'!K1375+'Harian 2024'!K1388+'Harian 2024'!K1401+'Harian 2024'!K1414+'Harian 2024'!K1427+'Harian 2024'!K1440+'Harian 2024'!K1453+'Harian 2024'!K1466+'Harian 2024'!K1479+'Harian 2024'!K1492+'Harian 2024'!K1505+'Harian 2024'!K1518+'Harian 2024'!K1531+'Harian 2024'!K1544+'Harian 2024'!K1557+'Harian 2024'!K1570+'Harian 2024'!K1583 -> 891 | ... U58: ='Harian 2024'!U1206+'Harian 2024'!U1219+'Harian 2024'!U1232+'Harian 2024'!U1245+'Harian 2024'!U1258+'Harian 2024'!U1271+'Harian 2024'!U1284+'Harian 2024'!U1297+'Harian 2024'!U1310+'Harian 2024'!U1323+'Harian 2024'!U1336+'Harian 2024'!U1349+'Harian 2024'!U1362+'Harian 2024'!U1375+'Harian 2024'!U1388+'Harian 2024'!U1401+'Harian 2024'!U1414+'Harian 2024'!U1427+'Harian 2024'!U1440+'Harian 2024'!U1453+'Harian 2024'!U1466+'Harian 2024'!U1479+'Harian 2024'!U1492+'Harian 2024'!U1505+'Harian 2024'!U1518+'Harian 2024'!U1531+'Harian 2024'!U1544+'Harian 2024'!U1557+'Harian 2024'!U1570+'Harian 2024'!U1583 -> 5420 | V58: =U58 -> 5420 | W58: =V58-U58 -> 0
C59: CELANA | D59: ='Harian 2024'!D1207+'Harian 2024'!D1220+'Harian 2024'!D1233+'Harian 2024'!D1246+'Harian 2024'!D1259+'Harian 2024'!D1272+'Harian 2024'!D1285+'Harian 2024'!D1298+'Harian 2024'!D1311+'Harian 2024'!D1324+'Harian 2024'!D1337+'Harian 2024'!D1350+'Harian 2024'!D1363+'Harian 2024'!D1376+'Harian 2024'!D1389+'Harian 2024'!D1402+'Harian 2024'!D1415+'Harian 2024'!D1428+'Harian 2024'!D1441+'Harian 2024'!D1454+'Harian 2024'!D1467+'Harian 2024'!D1480+'Harian 2024'!D1493+'Harian 2024'!D1506+'Harian 2024'!D1519+'Harian 2024'!D1532+'Harian 2024'!D1545+'Harian 2024'!D1558+'Harian 2024'!D1571+'Harian 2024'!D1584 -> 0 | E59: ='Harian 2024'!E1207+'Harian 2024'!E1220+'Harian 2024'!E1233+'Harian 2024'!E1246+'Harian 2024'!E1259+'Harian 2024'!E1272+'Harian 2024'!E1285+'Harian 2024'!E1298+'Harian 2024'!E1311+'Harian 2024'!E1324+'Harian 2024'!E1337+'Harian 2024'!E1350+'Harian 2024'!E1363+'Harian 2024'!E1376+'Harian 2024'!E1389+'Harian 2024'!E1402+'Harian 2024'!E1415+'Harian 2024'!E1428+'Harian 2024'!E1441+'Harian 2024'!E1454+'Harian 2024'!E1467+'Harian 2024'!E1480+'Harian 2024'!E1493+'Harian 2024'!E1506+'Harian 2024'!E1519+'Harian 2024'!E1532+'Harian 2024'!E1545+'Harian 2024'!E1558+'Harian 2024'!E1571+'Harian 2024'!E1584 -> 0 | F59: ='Harian 2024'!F1207+'Harian 2024'!F1220+'Harian 2024'!F1233+'Harian 2024'!F1246+'Harian 2024'!F1259+'Harian 2024'!F1272+'Harian 2024'!F1285+'Harian 2024'!F1298+'Harian 2024'!F1311+'Harian 2024'!F1324+'Harian 2024'!F1337+'Harian 2024'!F1350+'Harian 2024'!F1363+'Harian 2024'!F1376+'Harian 2024'!F1389+'Harian 2024'!F1402+'Harian 2024'!F1415+'Harian 2024'!F1428+'Harian 2024'!F1441+'Harian 2024'!F1454+'Harian 2024'!F1467+'Harian 2024'!F1480+'Harian 2024'!F1493+'Harian 2024'!F1506+'Harian 2024'!F1519+'Harian 2024'!F1532+'Harian 2024'!F1545+'Harian 2024'!F1558+'Harian 2024'!F1571+'Harian 2024'!F1584 -> 0 | G59: ='Harian 2024'!G1207+'Harian 2024'!G1220+'Harian 2024'!G1233+'Harian 2024'!G1246+'Harian 2024'!G1259+'Harian 2024'!G1272+'Harian 2024'!G1285+'Harian 2024'!G1298+'Harian 2024'!G1311+'Harian 2024'!G1324+'Harian 2024'!G1337+'Harian 2024'!G1350+'Harian 2024'!G1363+'Harian 2024'!G1376+'Harian 2024'!G1389+'Harian 2024'!G1402+'Harian 2024'!G1415+'Harian 2024'!G1428+'Harian 2024'!G1441+'Harian 2024'!G1454+'Harian 2024'!G1467+'Harian 2024'!G1480+'Harian 2024'!G1493+'Harian 2024'!G1506+'Harian 2024'!G1519+'Harian 2024'!G1532+'Harian 2024'!G1545+'Harian 2024'!G1558+'Harian 2024'!G1571+'Harian 2024'!G1584 -> 703 | H59: ='Harian 2024'!H1207+'Harian 2024'!H1220+'Harian 2024'!H1233+'Harian 2024'!H1246+'Harian 2024'!H1259+'Harian 2024'!H1272+'Harian 2024'!H1285+'Harian 2024'!H1298+'Harian 2024'!H1311+'Harian 2024'!H1324+'Harian 2024'!H1337+'Harian 2024'!H1350+'Harian 2024'!H1363+'Harian 2024'!H1376+'Harian 2024'!H1389+'Harian 2024'!H1402+'Harian 2024'!H1415+'Harian 2024'!H1428+'Harian 2024'!H1441+'Harian 2024'!H1454+'Harian 2024'!H1467+'Harian 2024'!H1480+'Harian 2024'!H1493+'Harian 2024'!H1506+'Harian 2024'!H1519+'Harian 2024'!H1532+'Harian 2024'!H1545+'Harian 2024'!H1558+'Harian 2024'!H1571+'Harian 2024'!H1584 -> 654 | I59: ='Harian 2024'!I1207+'Harian 2024'!I1220+'Harian 2024'!I1233+'Harian 2024'!I1246+'Harian 2024'!I1259+'Harian 2024'!I1272+'Harian 2024'!I1285+'Harian 2024'!I1298+'Harian 2024'!I1311+'Harian 2024'!I1324+'Harian 2024'!I1337+'Harian 2024'!I1350+'Harian 2024'!I1363+'Harian 2024'!I1376+'Harian 2024'!I1389+'Harian 2024'!I1402+'Harian 2024'!I1415+'Harian 2024'!I1428+'Harian 2024'!I1441+'Harian 2024'!I1454+'Harian 2024'!I1467+'Harian 2024'!I1480+'Harian 2024'!I1493+'Harian 2024'!I1506+'Harian 2024'!I1519+'Harian 2024'!I1532+'Harian 2024'!I1545+'Harian 2024'!I1558+'Harian 2024'!I1571+'Harian 2024'!I1584 -> 827 | J59: ='Harian 2024'!J1207+'Harian 2024'!J1220+'Harian 2024'!J1233+'Harian 2024'!J1246+'Harian 2024'!J1259+'Harian 2024'!J1272+'Harian 2024'!J1285+'Harian 2024'!J1298+'Harian 2024'!J1311+'Harian 2024'!J1324+'Harian 2024'!J1337+'Harian 2024'!J1350+'Harian 2024'!J1363+'Harian 2024'!J1376+'Harian 2024'!J1389+'Harian 2024'!J1402+'Harian 2024'!J1415+'Harian 2024'!J1428+'Harian 2024'!J1441+'Harian 2024'!J1454+'Harian 2024'!J1467+'Harian 2024'!J1480+'Harian 2024'!J1493+'Harian 2024'!J1506+'Harian 2024'!J1519+'Harian 2024'!J1532+'Harian 2024'!J1545+'Harian 2024'!J1558+'Harian 2024'!J1571+'Harian 2024'!J1584 -> 830 | K59: ='Harian 2024'!K1207+'Harian 2024'!K1220+'Harian 2024'!K1233+'Harian 2024'!K1246+'Harian 2024'!K1259+'Harian 2024'!K1272+'Harian 2024'!K1285+'Harian 2024'!K1298+'Harian 2024'!K1311+'Harian 2024'!K1324+'Harian 2024'!K1337+'Harian 2024'!K1350+'Harian 2024'!K1363+'Harian 2024'!K1376+'Harian 2024'!K1389+'Harian 2024'!K1402+'Harian 2024'!K1415+'Harian 2024'!K1428+'Harian 2024'!K1441+'Harian 2024'!K1454+'Harian 2024'!K1467+'Harian 2024'!K1480+'Harian 2024'!K1493+'Harian 2024'!K1506+'Harian 2024'!K1519+'Harian 2024'!K1532+'Harian 2024'!K1545+'Harian 2024'!K1558+'Harian 2024'!K1571+'Harian 2024'!K1584 -> 911 | ... U59: ='Harian 2024'!U1207+'Harian 2024'!U1220+'Harian 2024'!U1233+'Harian 2024'!U1246+'Harian 2024'!U1259+'Harian 2024'!U1272+'Harian 2024'!U1285+'Harian 2024'!U1298+'Harian 2024'!U1311+'Harian 2024'!U1324+'Harian 2024'!U1337+'Harian 2024'!U1350+'Harian 2024'!U1363+'Harian 2024'!U1376+'Harian 2024'!U1389+'Harian 2024'!U1402+'Harian 2024'!U1415+'Harian 2024'!U1428+'Harian 2024'!U1441+'Harian 2024'!U1454+'Harian 2024'!U1467+'Harian 2024'!U1480+'Harian 2024'!U1493+'Harian 2024'!U1506+'Harian 2024'!U1519+'Harian 2024'!U1532+'Harian 2024'!U1545+'Harian 2024'!U1558+'Harian 2024'!U1571+'Harian 2024'!U1584 -> 4608 | V59: =U59 -> 4608 | W59: =V59-U59 -> 0
C60: HANDUK | D60: ='Harian 2024'!D1208+'Harian 2024'!D1221+'Harian 2024'!D1234+'Harian 2024'!D1247+'Harian 2024'!D1260+'Harian 2024'!D1273+'Harian 2024'!D1286+'Harian 2024'!D1299+'Harian 2024'!D1312+'Harian 2024'!D1325+'Harian 2024'!D1338+'Harian 2024'!D1351+'Harian 2024'!D1364+'Harian 2024'!D1377+'Harian 2024'!D1390+'Harian 2024'!D1403+'Harian 2024'!D1416+'Harian 2024'!D1429+'Harian 2024'!D1442+'Harian 2024'!D1455+'Harian 2024'!D1468+'Harian 2024'!D1481+'Harian 2024'!D1494+'Harian 2024'!D1507+'Harian 2024'!D1520+'Harian 2024'!D1533+'Harian 2024'!D1546+'Harian 2024'!D1559+'Harian 2024'!D1572+'Harian 2024'!D1585 -> 0 | E60: ='Harian 2024'!E1208+'Harian 2024'!E1221+'Harian 2024'!E1234+'Harian 2024'!E1247+'Harian 2024'!E1260+'Harian 2024'!E1273+'Harian 2024'!E1286+'Harian 2024'!E1299+'Harian 2024'!E1312+'Harian 2024'!E1325+'Harian 2024'!E1338+'Harian 2024'!E1351+'Harian 2024'!E1364+'Harian 2024'!E1377+'Harian 2024'!E1390+'Harian 2024'!E1403+'Harian 2024'!E1416+'Harian 2024'!E1429+'Harian 2024'!E1442+'Harian 2024'!E1455+'Harian 2024'!E1468+'Harian 2024'!E1481+'Harian 2024'!E1494+'Harian 2024'!E1507+'Harian 2024'!E1520+'Harian 2024'!E1533+'Harian 2024'!E1546+'Harian 2024'!E1559+'Harian 2024'!E1572+'Harian 2024'!E1585 -> 2 | F60: ='Harian 2024'!F1208+'Harian 2024'!F1221+'Harian 2024'!F1234+'Harian 2024'!F1247+'Harian 2024'!F1260+'Harian 2024'!F1273+'Harian 2024'!F1286+'Harian 2024'!F1299+'Harian 2024'!F1312+'Harian 2024'!F1325+'Harian 2024'!F1338+'Harian 2024'!F1351+'Harian 2024'!F1364+'Harian 2024'!F1377+'Harian 2024'!F1390+'Harian 2024'!F1403+'Harian 2024'!F1416+'Harian 2024'!F1429+'Harian 2024'!F1442+'Harian 2024'!F1455+'Harian 2024'!F1468+'Harian 2024'!F1481+'Harian 2024'!F1494+'Harian 2024'!F1507+'Harian 2024'!F1520+'Harian 2024'!F1533+'Harian 2024'!F1546+'Harian 2024'!F1559+'Harian 2024'!F1572+'Harian 2024'!F1585 -> 0 | G60: ='Harian 2024'!G1208+'Harian 2024'!G1221+'Harian 2024'!G1234+'Harian 2024'!G1247+'Harian 2024'!G1260+'Harian 2024'!G1273+'Harian 2024'!G1286+'Harian 2024'!G1299+'Harian 2024'!G1312+'Harian 2024'!G1325+'Harian 2024'!G1338+'Harian 2024'!G1351+'Harian 2024'!G1364+'Harian 2024'!G1377+'Harian 2024'!G1390+'Harian 2024'!G1403+'Harian 2024'!G1416+'Harian 2024'!G1429+'Harian 2024'!G1442+'Harian 2024'!G1455+'Harian 2024'!G1468+'Harian 2024'!G1481+'Harian 2024'!G1494+'Harian 2024'!G1507+'Harian 2024'!G1520+'Harian 2024'!G1533+'Harian 2024'!G1546+'Harian 2024'!G1559+'Harian 2024'!G1572+'Harian 2024'!G1585 -> 289 | H60: ='Harian 2024'!H1208+'Harian 2024'!H1221+'Harian 2024'!H1234+'Harian 2024'!H1247+'Harian 2024'!H1260+'Harian 2024'!H1273+'Harian 2024'!H1286+'Harian 2024'!H1299+'Harian 2024'!H1312+'Harian 2024'!H1325+'Harian 2024'!H1338+'Harian 2024'!H1351+'Harian 2024'!H1364+'Harian 2024'!H1377+'Harian 2024'!H1390+'Harian 2024'!H1403+'Harian 2024'!H1416+'Harian 2024'!H1429+'Harian 2024'!H1442+'Harian 2024'!H1455+'Harian 2024'!H1468+'Harian 2024'!H1481+'Harian 2024'!H1494+'Harian 2024'!H1507+'Harian 2024'!H1520+'Harian 2024'!H1533+'Harian 2024'!H1546+'Harian 2024'!H1559+'Harian 2024'!H1572+'Harian 2024'!H1585 -> 296 | I60: ='Harian 2024'!I1208+'Harian 2024'!I1221+'Harian 2024'!I1234+'Harian 2024'!I1247+'Harian 2024'!I1260+'Harian 2024'!I1273+'Harian 2024'!I1286+'Harian 2024'!I1299+'Harian 2024'!I1312+'Harian 2024'!I1325+'Harian 2024'!I1338+'Harian 2024'!I1351+'Harian 2024'!I1364+'Harian 2024'!I1377+'Harian 2024'!I1390+'Harian 2024'!I1403+'Harian 2024'!I1416+'Harian 2024'!I1429+'Harian 2024'!I1442+'Harian 2024'!I1455+'Harian 2024'!I1468+'Harian 2024'!I1481+'Harian 2024'!I1494+'Harian 2024'!I1507+'Harian 2024'!I1520+'Harian 2024'!I1533+'Harian 2024'!I1546+'Harian 2024'!I1559+'Harian 2024'!I1572+'Harian 2024'!I1585 -> 288 | J60: ='Harian 2024'!J1208+'Harian 2024'!J1221+'Harian 2024'!J1234+'Harian 2024'!J1247+'Harian 2024'!J1260+'Harian 2024'!J1273+'Harian 2024'!J1286+'Harian 2024'!J1299+'Harian 2024'!J1312+'Harian 2024'!J1325+'Harian 2024'!J1338+'Harian 2024'!J1351+'Harian 2024'!J1364+'Harian 2024'!J1377+'Harian 2024'!J1390+'Harian 2024'!J1403+'Harian 2024'!J1416+'Harian 2024'!J1429+'Harian 2024'!J1442+'Harian 2024'!J1455+'Harian 2024'!J1468+'Harian 2024'!J1481+'Harian 2024'!J1494+'Harian 2024'!J1507+'Harian 2024'!J1520+'Harian 2024'!J1533+'Harian 2024'!J1546+'Harian 2024'!J1559+'Harian 2024'!J1572+'Harian 2024'!J1585 -> 312 | K60: ='Harian 2024'!K1208+'Harian 2024'!K1221+'Harian 2024'!K1234+'Harian 2024'!K1247+'Harian 2024'!K1260+'Harian 2024'!K1273+'Harian 2024'!K1286+'Harian 2024'!K1299+'Harian 2024'!K1312+'Harian 2024'!K1325+'Harian 2024'!K1338+'Harian 2024'!K1351+'Harian 2024'!K1364+'Harian 2024'!K1377+'Harian 2024'!K1390+'Harian 2024'!K1403+'Harian 2024'!K1416+'Harian 2024'!K1429+'Harian 2024'!K1442+'Harian 2024'!K1455+'Harian 2024'!K1468+'Harian 2024'!K1481+'Harian 2024'!K1494+'Harian 2024'!K1507+'Harian 2024'!K1520+'Harian 2024'!K1533+'Harian 2024'!K1546+'Harian 2024'!K1559+'Harian 2024'!K1572+'Harian 2024'!K1585 -> 330 | ... U60: ='Harian 2024'!U1208+'Harian 2024'!U1221+'Harian 2024'!U1234+'Harian 2024'!U1247+'Harian 2024'!U1260+'Harian 2024'!U1273+'Harian 2024'!U1286+'Harian 2024'!U1299+'Harian 2024'!U1312+'Harian 2024'!U1325+'Harian 2024'!U1338+'Harian 2024'!U1351+'Harian 2024'!U1364+'Harian 2024'!U1377+'Harian 2024'!U1390+'Harian 2024'!U1403+'Harian 2024'!U1416+'Harian 2024'!U1429+'Harian 2024'!U1442+'Harian 2024'!U1455+'Harian 2024'!U1468+'Harian 2024'!U1481+'Harian 2024'!U1494+'Harian 2024'!U1507+'Harian 2024'!U1520+'Harian 2024'!U1533+'Harian 2024'!U1546+'Harian 2024'!U1559+'Harian 2024'!U1572+'Harian 2024'!U1585 -> 2156 | V60: =U60 -> 2156 | W60: =V60-U60 -> 0
C61: SPREI | D61: ='Harian 2024'!D1209+'Harian 2024'!D1222+'Harian 2024'!D1235+'Harian 2024'!D1248+'Harian 2024'!D1261+'Harian 2024'!D1274+'Harian 2024'!D1287+'Harian 2024'!D1300+'Harian 2024'!D1313+'Harian 2024'!D1326+'Harian 2024'!D1339+'Harian 2024'!D1352+'Harian 2024'!D1365+'Harian 2024'!D1378+'Harian 2024'!D1391+'Harian 2024'!D1404+'Harian 2024'!D1417+'Harian 2024'!D1430+'Harian 2024'!D1443+'Harian 2024'!D1456+'Harian 2024'!D1469+'Harian 2024'!D1482+'Harian 2024'!D1495+'Harian 2024'!D1508+'Harian 2024'!D1521+'Harian 2024'!D1534+'Harian 2024'!D1547+'Harian 2024'!D1560+'Harian 2024'!D1573+'Harian 2024'!D1586 -> 229 | E61: ='Harian 2024'!E1209+'Harian 2024'!E1222+'Harian 2024'!E1235+'Harian 2024'!E1248+'Harian 2024'!E1261+'Harian 2024'!E1274+'Harian 2024'!E1287+'Harian 2024'!E1300+'Harian 2024'!E1313+'Harian 2024'!E1326+'Harian 2024'!E1339+'Harian 2024'!E1352+'Harian 2024'!E1365+'Harian 2024'!E1378+'Harian 2024'!E1391+'Harian 2024'!E1404+'Harian 2024'!E1417+'Harian 2024'!E1430+'Harian 2024'!E1443+'Harian 2024'!E1456+'Harian 2024'!E1469+'Harian 2024'!E1482+'Harian 2024'!E1495+'Harian 2024'!E1508+'Harian 2024'!E1521+'Harian 2024'!E1534+'Harian 2024'!E1547+'Harian 2024'!E1560+'Harian 2024'!E1573+'Harian 2024'!E1586 -> 230 | F61: ='Harian 2024'!F1209+'Harian 2024'!F1222+'Harian 2024'!F1235+'Harian 2024'!F1248+'Harian 2024'!F1261+'Harian 2024'!F1274+'Harian 2024'!F1287+'Harian 2024'!F1300+'Harian 2024'!F1313+'Harian 2024'!F1326+'Harian 2024'!F1339+'Harian 2024'!F1352+'Harian 2024'!F1365+'Harian 2024'!F1378+'Harian 2024'!F1391+'Harian 2024'!F1404+'Harian 2024'!F1417+'Harian 2024'!F1430+'Harian 2024'!F1443+'Harian 2024'!F1456+'Harian 2024'!F1469+'Harian 2024'!F1482+'Harian 2024'!F1495+'Harian 2024'!F1508+'Harian 2024'!F1521+'Harian 2024'!F1534+'Harian 2024'!F1547+'Harian 2024'!F1560+'Harian 2024'!F1573+'Harian 2024'!F1586 -> 200 | G61: ='Harian 2024'!G1209+'Harian 2024'!G1222+'Harian 2024'!G1235+'Harian 2024'!G1248+'Harian 2024'!G1261+'Harian 2024'!G1274+'Harian 2024'!G1287+'Harian 2024'!G1300+'Harian 2024'!G1313+'Harian 2024'!G1326+'Harian 2024'!G1339+'Harian 2024'!G1352+'Harian 2024'!G1365+'Harian 2024'!G1378+'Harian 2024'!G1391+'Harian 2024'!G1404+'Harian 2024'!G1417+'Harian 2024'!G1430+'Harian 2024'!G1443+'Harian 2024'!G1456+'Harian 2024'!G1469+'Harian 2024'!G1482+'Harian 2024'!G1495+'Harian 2024'!G1508+'Harian 2024'!G1521+'Harian 2024'!G1534+'Harian 2024'!G1547+'Harian 2024'!G1560+'Harian 2024'!G1573+'Harian 2024'!G1586 -> 711 | H61: ='Harian 2024'!H1209+'Harian 2024'!H1222+'Harian 2024'!H1235+'Harian 2024'!H1248+'Harian 2024'!H1261+'Harian 2024'!H1274+'Harian 2024'!H1287+'Harian 2024'!H1300+'Harian 2024'!H1313+'Harian 2024'!H1326+'Harian 2024'!H1339+'Harian 2024'!H1352+'Harian 2024'!H1365+'Harian 2024'!H1378+'Harian 2024'!H1391+'Harian 2024'!H1404+'Harian 2024'!H1417+'Harian 2024'!H1430+'Harian 2024'!H1443+'Harian 2024'!H1456+'Harian 2024'!H1469+'Harian 2024'!H1482+'Harian 2024'!H1495+'Harian 2024'!H1508+'Harian 2024'!H1521+'Harian 2024'!H1534+'Harian 2024'!H1547+'Harian 2024'!H1560+'Harian 2024'!H1573+'Harian 2024'!H1586 -> 704 | I61: ='Harian 2024'!I1209+'Harian 2024'!I1222+'Harian 2024'!I1235+'Harian 2024'!I1248+'Harian 2024'!I1261+'Harian 2024'!I1274+'Harian 2024'!I1287+'Harian 2024'!I1300+'Harian 2024'!I1313+'Harian 2024'!I1326+'Harian 2024'!I1339+'Harian 2024'!I1352+'Harian 2024'!I1365+'Harian 2024'!I1378+'Harian 2024'!I1391+'Harian 2024'!I1404+'Harian 2024'!I1417+'Harian 2024'!I1430+'Harian 2024'!I1443+'Harian 2024'!I1456+'Harian 2024'!I1469+'Harian 2024'!I1482+'Harian 2024'!I1495+'Harian 2024'!I1508+'Harian 2024'!I1521+'Harian 2024'!I1534+'Harian 2024'!I1547+'Harian 2024'!I1560+'Harian 2024'!I1573+'Harian 2024'!I1586 -> 748 | J61: ='Harian 2024'!J1209+'Harian 2024'!J1222+'Harian 2024'!J1235+'Harian 2024'!J1248+'Harian 2024'!J1261+'Harian 2024'!J1274+'Harian 2024'!J1287+'Harian 2024'!J1300+'Harian 2024'!J1313+'Harian 2024'!J1326+'Harian 2024'!J1339+'Harian 2024'!J1352+'Harian 2024'!J1365+'Harian 2024'!J1378+'Harian 2024'!J1391+'Harian 2024'!J1404+'Harian 2024'!J1417+'Harian 2024'!J1430+'Harian 2024'!J1443+'Harian 2024'!J1456+'Harian 2024'!J1469+'Harian 2024'!J1482+'Harian 2024'!J1495+'Harian 2024'!J1508+'Harian 2024'!J1521+'Harian 2024'!J1534+'Harian 2024'!J1547+'Harian 2024'!J1560+'Harian 2024'!J1573+'Harian 2024'!J1586 -> 800 | K61: ='Harian 2024'!K1209+'Harian 2024'!K1222+'Harian 2024'!K1235+'Harian 2024'!K1248+'Harian 2024'!K1261+'Harian 2024'!K1274+'Harian 2024'!K1287+'Harian 2024'!K1300+'Harian 2024'!K1313+'Harian 2024'!K1326+'Harian 2024'!K1339+'Harian 2024'!K1352+'Harian 2024'!K1365+'Harian 2024'!K1378+'Harian 2024'!K1391+'Harian 2024'!K1404+'Harian 2024'!K1417+'Harian 2024'!K1430+'Harian 2024'!K1443+'Harian 2024'!K1456+'Harian 2024'!K1469+'Harian 2024'!K1482+'Harian 2024'!K1495+'Harian 2024'!K1508+'Harian 2024'!K1521+'Harian 2024'!K1534+'Harian 2024'!K1547+'Harian 2024'!K1560+'Harian 2024'!K1573+'Harian 2024'!K1586 -> 855 | ... U61: ='Harian 2024'!U1209+'Harian 2024'!U1222+'Harian 2024'!U1235+'Harian 2024'!U1248+'Harian 2024'!U1261+'Harian 2024'!U1274+'Harian 2024'!U1287+'Harian 2024'!U1300+'Harian 2024'!U1313+'Harian 2024'!U1326+'Harian 2024'!U1339+'Harian 2024'!U1352+'Harian 2024'!U1365+'Harian 2024'!U1378+'Harian 2024'!U1391+'Harian 2024'!U1404+'Harian 2024'!U1417+'Harian 2024'!U1430+'Harian 2024'!U1443+'Harian 2024'!U1456+'Harian 2024'!U1469+'Harian 2024'!U1482+'Harian 2024'!U1495+'Harian 2024'!U1508+'Harian 2024'!U1521+'Harian 2024'!U1534+'Harian 2024'!U1547+'Harian 2024'!U1560+'Harian 2024'!U1573+'Harian 2024'!U1586 -> 5724 | V61: =U61 -> 5724 | W61: =V61-U61 -> 0
C62: SELIMUT | D62: ='Harian 2024'!D1210+'Harian 2024'!D1223+'Harian 2024'!D1236+'Harian 2024'!D1249+'Harian 2024'!D1262+'Harian 2024'!D1275+'Harian 2024'!D1288+'Harian 2024'!D1301+'Harian 2024'!D1314+'Harian 2024'!D1327+'Harian 2024'!D1340+'Harian 2024'!D1353+'Harian 2024'!D1366+'Harian 2024'!D1379+'Harian 2024'!D1392+'Harian 2024'!D1405+'Harian 2024'!D1418+'Harian 2024'!D1431+'Harian 2024'!D1444+'Harian 2024'!D1457+'Harian 2024'!D1470+'Harian 2024'!D1483+'Harian 2024'!D1496+'Harian 2024'!D1509+'Harian 2024'!D1522+'Harian 2024'!D1535+'Harian 2024'!D1548+'Harian 2024'!D1561+'Harian 2024'!D1574+'Harian 2024'!D1587 -> 181 | E62: ='Harian 2024'!E1210+'Harian 2024'!E1223+'Harian 2024'!E1236+'Harian 2024'!E1249+'Harian 2024'!E1262+'Harian 2024'!E1275+'Harian 2024'!E1288+'Harian 2024'!E1301+'Harian 2024'!E1314+'Harian 2024'!E1327+'Harian 2024'!E1340+'Harian 2024'!E1353+'Harian 2024'!E1366+'Harian 2024'!E1379+'Harian 2024'!E1392+'Harian 2024'!E1405+'Harian 2024'!E1418+'Harian 2024'!E1431+'Harian 2024'!E1444+'Harian 2024'!E1457+'Harian 2024'!E1470+'Harian 2024'!E1483+'Harian 2024'!E1496+'Harian 2024'!E1509+'Harian 2024'!E1522+'Harian 2024'!E1535+'Harian 2024'!E1548+'Harian 2024'!E1561+'Harian 2024'!E1574+'Harian 2024'!E1587 -> 289 | F62: ='Harian 2024'!F1210+'Harian 2024'!F1223+'Harian 2024'!F1236+'Harian 2024'!F1249+'Harian 2024'!F1262+'Harian 2024'!F1275+'Harian 2024'!F1288+'Harian 2024'!F1301+'Harian 2024'!F1314+'Harian 2024'!F1327+'Harian 2024'!F1340+'Harian 2024'!F1353+'Harian 2024'!F1366+'Harian 2024'!F1379+'Harian 2024'!F1392+'Harian 2024'!F1405+'Harian 2024'!F1418+'Harian 2024'!F1431+'Harian 2024'!F1444+'Harian 2024'!F1457+'Harian 2024'!F1470+'Harian 2024'!F1483+'Harian 2024'!F1496+'Harian 2024'!F1509+'Harian 2024'!F1522+'Harian 2024'!F1535+'Harian 2024'!F1548+'Harian 2024'!F1561+'Harian 2024'!F1574+'Harian 2024'!F1587 -> 281 | G62: ='Harian 2024'!G1210+'Harian 2024'!G1223+'Harian 2024'!G1236+'Harian 2024'!G1249+'Harian 2024'!G1262+'Harian 2024'!G1275+'Harian 2024'!G1288+'Harian 2024'!G1301+'Harian 2024'!G1314+'Harian 2024'!G1327+'Harian 2024'!G1340+'Harian 2024'!G1353+'Harian 2024'!G1366+'Harian 2024'!G1379+'Harian 2024'!G1392+'Harian 2024'!G1405+'Harian 2024'!G1418+'Harian 2024'!G1431+'Harian 2024'!G1444+'Harian 2024'!G1457+'Harian 2024'!G1470+'Harian 2024'!G1483+'Harian 2024'!G1496+'Harian 2024'!G1509+'Harian 2024'!G1522+'Harian 2024'!G1535+'Harian 2024'!G1548+'Harian 2024'!G1561+'Harian 2024'!G1574+'Harian 2024'!G1587 -> 693 | H62: ='Harian 2024'!H1210+'Harian 2024'!H1223+'Harian 2024'!H1236+'Harian 2024'!H1249+'Harian 2024'!H1262+'Harian 2024'!H1275+'Harian 2024'!H1288+'Harian 2024'!H1301+'Harian 2024'!H1314+'Harian 2024'!H1327+'Harian 2024'!H1340+'Harian 2024'!H1353+'Harian 2024'!H1366+'Harian 2024'!H1379+'Harian 2024'!H1392+'Harian 2024'!H1405+'Harian 2024'!H1418+'Harian 2024'!H1431+'Harian 2024'!H1444+'Harian 2024'!H1457+'Harian 2024'!H1470+'Harian 2024'!H1483+'Harian 2024'!H1496+'Harian 2024'!H1509+'Harian 2024'!H1522+'Harian 2024'!H1535+'Harian 2024'!H1548+'Harian 2024'!H1561+'Harian 2024'!H1574+'Harian 2024'!H1587 -> 751 | I62: ='Harian 2024'!I1210+'Harian 2024'!I1223+'Harian 2024'!I1236+'Harian 2024'!I1249+'Harian 2024'!I1262+'Harian 2024'!I1275+'Harian 2024'!I1288+'Harian 2024'!I1301+'Harian 2024'!I1314+'Harian 2024'!I1327+'Harian 2024'!I1340+'Harian 2024'!I1353+'Harian 2024'!I1366+'Harian 2024'!I1379+'Harian 2024'!I1392+'Harian 2024'!I1405+'Harian 2024'!I1418+'Harian 2024'!I1431+'Harian 2024'!I1444+'Harian 2024'!I1457+'Harian 2024'!I1470+'Harian 2024'!I1483+'Harian 2024'!I1496+'Harian 2024'!I1509+'Harian 2024'!I1522+'Harian 2024'!I1535+'Harian 2024'!I1548+'Harian 2024'!I1561+'Harian 2024'!I1574+'Harian 2024'!I1587 -> 838 | J62: ='Harian 2024'!J1210+'Harian 2024'!J1223+'Harian 2024'!J1236+'Harian 2024'!J1249+'Harian 2024'!J1262+'Harian 2024'!J1275+'Harian 2024'!J1288+'Harian 2024'!J1301+'Harian 2024'!J1314+'Harian 2024'!J1327+'Harian 2024'!J1340+'Harian 2024'!J1353+'Harian 2024'!J1366+'Harian 2024'!J1379+'Harian 2024'!J1392+'Harian 2024'!J1405+'Harian 2024'!J1418+'Harian 2024'!J1431+'Harian 2024'!J1444+'Harian 2024'!J1457+'Harian 2024'!J1470+'Harian 2024'!J1483+'Harian 2024'!J1496+'Harian 2024'!J1509+'Harian 2024'!J1522+'Harian 2024'!J1535+'Harian 2024'!J1548+'Harian 2024'!J1561+'Harian 2024'!J1574+'Harian 2024'!J1587 -> 809 | K62: ='Harian 2024'!K1210+'Harian 2024'!K1223+'Harian 2024'!K1236+'Harian 2024'!K1249+'Harian 2024'!K1262+'Harian 2024'!K1275+'Harian 2024'!K1288+'Harian 2024'!K1301+'Harian 2024'!K1314+'Harian 2024'!K1327+'Harian 2024'!K1340+'Harian 2024'!K1353+'Harian 2024'!K1366+'Harian 2024'!K1379+'Harian 2024'!K1392+'Harian 2024'!K1405+'Harian 2024'!K1418+'Harian 2024'!K1431+'Harian 2024'!K1444+'Harian 2024'!K1457+'Harian 2024'!K1470+'Harian 2024'!K1483+'Harian 2024'!K1496+'Harian 2024'!K1509+'Harian 2024'!K1522+'Harian 2024'!K1535+'Harian 2024'!K1548+'Harian 2024'!K1561+'Harian 2024'!K1574+'Harian 2024'!K1587 -> 881 | ... U62: ='Harian 2024'!U1210+'Harian 2024'!U1223+'Harian 2024'!U1236+'Harian 2024'!U1249+'Harian 2024'!U1262+'Harian 2024'!U1275+'Harian 2024'!U1288+'Harian 2024'!U1301+'Harian 2024'!U1314+'Harian 2024'!U1327+'Harian 2024'!U1340+'Harian 2024'!U1353+'Harian 2024'!U1366+'Harian 2024'!U1379+'Harian 2024'!U1392+'Harian 2024'!U1405+'Harian 2024'!U1418+'Harian 2024'!U1431+'Harian 2024'!U1444+'Harian 2024'!U1457+'Harian 2024'!U1470+'Harian 2024'!U1483+'Harian 2024'!U1496+'Harian 2024'!U1509+'Harian 2024'!U1522+'Harian 2024'!U1535+'Harian 2024'!U1548+'Harian 2024'!U1561+'Harian 2024'!U1574+'Harian 2024'!U1587 -> 5852 | V62: =U62 -> 5852 | W62: =V62-U62 -> 0
C63: SLOP | D63: ='Harian 2024'!D1211+'Harian 2024'!D1224+'Harian 2024'!D1237+'Harian 2024'!D1250+'Harian 2024'!D1263+'Harian 2024'!D1276+'Harian 2024'!D1289+'Harian 2024'!D1302+'Harian 2024'!D1315+'Harian 2024'!D1328+'Harian 2024'!D1341+'Harian 2024'!D1354+'Harian 2024'!D1367+'Harian 2024'!D1380+'Harian 2024'!D1393+'Harian 2024'!D1406+'Harian 2024'!D1419+'Harian 2024'!D1432+'Harian 2024'!D1445+'Harian 2024'!D1458+'Harian 2024'!D1471+'Harian 2024'!D1484+'Harian 2024'!D1497+'Harian 2024'!D1510+'Harian 2024'!D1523+'Harian 2024'!D1536+'Harian 2024'!D1549+'Harian 2024'!D1562+'Harian 2024'!D1575+'Harian 2024'!D1588 -> 157 | E63: ='Harian 2024'!E1211+'Harian 2024'!E1224+'Harian 2024'!E1237+'Harian 2024'!E1250+'Harian 2024'!E1263+'Harian 2024'!E1276+'Harian 2024'!E1289+'Harian 2024'!E1302+'Harian 2024'!E1315+'Harian 2024'!E1328+'Harian 2024'!E1341+'Harian 2024'!E1354+'Harian 2024'!E1367+'Harian 2024'!E1380+'Harian 2024'!E1393+'Harian 2024'!E1406+'Harian 2024'!E1419+'Harian 2024'!E1432+'Harian 2024'!E1445+'Harian 2024'!E1458+'Harian 2024'!E1471+'Harian 2024'!E1484+'Harian 2024'!E1497+'Harian 2024'!E1510+'Harian 2024'!E1523+'Harian 2024'!E1536+'Harian 2024'!E1549+'Harian 2024'!E1562+'Harian 2024'!E1575+'Harian 2024'!E1588 -> 262 | F63: ='Harian 2024'!F1211+'Harian 2024'!F1224+'Harian 2024'!F1237+'Harian 2024'!F1250+'Harian 2024'!F1263+'Harian 2024'!F1276+'Harian 2024'!F1289+'Harian 2024'!F1302+'Harian 2024'!F1315+'Harian 2024'!F1328+'Harian 2024'!F1341+'Harian 2024'!F1354+'Harian 2024'!F1367+'Harian 2024'!F1380+'Harian 2024'!F1393+'Harian 2024'!F1406+'Harian 2024'!F1419+'Harian 2024'!F1432+'Harian 2024'!F1445+'Harian 2024'!F1458+'Harian 2024'!F1471+'Harian 2024'!F1484+'Harian 2024'!F1497+'Harian 2024'!F1510+'Harian 2024'!F1523+'Harian 2024'!F1536+'Harian 2024'!F1549+'Harian 2024'!F1562+'Harian 2024'!F1575+'Harian 2024'!F1588 -> 250 | G63: ='Harian 2024'!G1211+'Harian 2024'!G1224+'Harian 2024'!G1237+'Harian 2024'!G1250+'Harian 2024'!G1263+'Harian 2024'!G1276+'Harian 2024'!G1289+'Harian 2024'!G1302+'Harian 2024'!G1315+'Harian 2024'!G1328+'Harian 2024'!G1341+'Harian 2024'!G1354+'Harian 2024'!G1367+'Harian 2024'!G1380+'Harian 2024'!G1393+'Harian 2024'!G1406+'Harian 2024'!G1419+'Harian 2024'!G1432+'Harian 2024'!G1445+'Harian 2024'!G1458+'Harian 2024'!G1471+'Harian 2024'!G1484+'Harian 2024'!G1497+'Harian 2024'!G1510+'Harian 2024'!G1523+'Harian 2024'!G1536+'Harian 2024'!G1549+'Harian 2024'!G1562+'Harian 2024'!G1575+'Harian 2024'!G1588 -> 819 | H63: ='Harian 2024'!H1211+'Harian 2024'!H1224+'Harian 2024'!H1237+'Harian 2024'!H1250+'Harian 2024'!H1263+'Harian 2024'!H1276+'Harian 2024'!H1289+'Harian 2024'!H1302+'Harian 2024'!H1315+'Harian 2024'!H1328+'Harian 2024'!H1341+'Harian 2024'!H1354+'Harian 2024'!H1367+'Harian 2024'!H1380+'Harian 2024'!H1393+'Harian 2024'!H1406+'Harian 2024'!H1419+'Harian 2024'!H1432+'Harian 2024'!H1445+'Harian 2024'!H1458+'Harian 2024'!H1471+'Harian 2024'!H1484+'Harian 2024'!H1497+'Harian 2024'!H1510+'Harian 2024'!H1523+'Harian 2024'!H1536+'Harian 2024'!H1549+'Harian 2024'!H1562+'Harian 2024'!H1575+'Harian 2024'!H1588 -> 743 | I63: ='Harian 2024'!I1211+'Harian 2024'!I1224+'Harian 2024'!I1237+'Harian 2024'!I1250+'Harian 2024'!I1263+'Harian 2024'!I1276+'Harian 2024'!I1289+'Harian 2024'!I1302+'Harian 2024'!I1315+'Harian 2024'!I1328+'Harian 2024'!I1341+'Harian 2024'!I1354+'Harian 2024'!I1367+'Harian 2024'!I1380+'Harian 2024'!I1393+'Harian 2024'!I1406+'Harian 2024'!I1419+'Harian 2024'!I1432+'Harian 2024'!I1445+'Harian 2024'!I1458+'Harian 2024'!I1471+'Harian 2024'!I1484+'Harian 2024'!I1497+'Harian 2024'!I1510+'Harian 2024'!I1523+'Harian 2024'!I1536+'Harian 2024'!I1549+'Harian 2024'!I1562+'Harian 2024'!I1575+'Harian 2024'!I1588 -> 911 | J63: ='Harian 2024'!J1211+'Harian 2024'!J1224+'Harian 2024'!J1237+'Harian 2024'!J1250+'Harian 2024'!J1263+'Harian 2024'!J1276+'Harian 2024'!J1289+'Harian 2024'!J1302+'Harian 2024'!J1315+'Harian 2024'!J1328+'Harian 2024'!J1341+'Harian 2024'!J1354+'Harian 2024'!J1367+'Harian 2024'!J1380+'Harian 2024'!J1393+'Harian 2024'!J1406+'Harian 2024'!J1419+'Harian 2024'!J1432+'Harian 2024'!J1445+'Harian 2024'!J1458+'Harian 2024'!J1471+'Harian 2024'!J1484+'Harian 2024'!J1497+'Harian 2024'!J1510+'Harian 2024'!J1523+'Harian 2024'!J1536+'Harian 2024'!J1549+'Harian 2024'!J1562+'Harian 2024'!J1575+'Harian 2024'!J1588 -> 874 | K63: ='Harian 2024'!K1211+'Harian 2024'!K1224+'Harian 2024'!K1237+'Harian 2024'!K1250+'Harian 2024'!K1263+'Harian 2024'!K1276+'Harian 2024'!K1289+'Harian 2024'!K1302+'Harian 2024'!K1315+'Harian 2024'!K1328+'Harian 2024'!K1341+'Harian 2024'!K1354+'Harian 2024'!K1367+'Harian 2024'!K1380+'Harian 2024'!K1393+'Harian 2024'!K1406+'Harian 2024'!K1419+'Harian 2024'!K1432+'Harian 2024'!K1445+'Harian 2024'!K1458+'Harian 2024'!K1471+'Harian 2024'!K1484+'Harian 2024'!K1497+'Harian 2024'!K1510+'Harian 2024'!K1523+'Harian 2024'!K1536+'Harian 2024'!K1549+'Harian 2024'!K1562+'Harian 2024'!K1575+'Harian 2024'!K1588 -> 928 | ... U63: ='Harian 2024'!U1211+'Harian 2024'!U1224+'Harian 2024'!U1237+'Harian 2024'!U1250+'Harian 2024'!U1263+'Harian 2024'!U1276+'Harian 2024'!U1289+'Harian 2024'!U1302+'Harian 2024'!U1315+'Harian 2024'!U1328+'Harian 2024'!U1341+'Harian 2024'!U1354+'Harian 2024'!U1367+'Harian 2024'!U1380+'Harian 2024'!U1393+'Harian 2024'!U1406+'Harian 2024'!U1419+'Harian 2024'!U1432+'Harian 2024'!U1445+'Harian 2024'!U1458+'Harian 2024'!U1471+'Harian 2024'!U1484+'Harian 2024'!U1497+'Harian 2024'!U1510+'Harian 2024'!U1523+'Harian 2024'!U1536+'Harian 2024'!U1549+'Harian 2024'!U1562+'Harian 2024'!U1575+'Harian 2024'!U1588 -> 5852 | V63: =U63 -> 5852 | W63: =V63-U63 -> 0
